state,action_values
"[['O', '-', '-'], ['-', '-', '-'], ['-', '-', '-']]","[{'cell': (2, 2), 'value': 0.0}, {'cell': (2, 1), 'value': 0.0}, {'cell': (2, 0), 'value': 0.0}]"
"[['O', '-', '-'], ['-', '-', 'X'], ['O', '-', '-']]","[{'cell': (2, 2), 'value': -0.05}, {'cell': (2, 1), 'value': -0.05}]"
"[['O', '-', '-'], ['X', '-', 'X'], ['O', 'O', '-']]","[{'cell': (2, 2), 'value': 0.1}]"
"[['-', '-', '-'], ['-', '-', '-'], ['-', '-', '-']]","[{'cell': (2, 2), 'value': 0.0}, {'cell': (2, 1), 'value': 0.0}, {'cell': (2, 0), 'value': 0.0}]"
"[['-', '-', '-'], ['-', '-', '-'], ['-', 'X', 'O']]","[{'cell': (2, 0), 'value': 0.0}]"
"[['-', 'O', 'X'], ['-', '-', '-'], ['-', 'X', 'O']]","[{'cell': (2, 0), 'value': 0.0}]"
"[['-', 'O', 'X'], ['X', '-', '-'], ['O', 'X', 'O']]","[{'cell': (1, 2), 'value': 0.0}]"
"[['X', 'O', 'X'], ['X', 'O', '-'], ['O', 'X', 'O']]","[{'cell': (1, 2), 'value': 0.0}]"
"[['-', '-', 'O'], ['-', '-', '-'], ['-', '-', '-']]","[{'cell': (2, 2), 'value': 0.0}, {'cell': (2, 1), 'value': 0.0}, {'cell': (2, 0), 'value': 0.0}]"
"[['-', '-', 'O'], ['-', '-', 'X'], ['-', 'O', '-']]","[{'cell': (2, 0), 'value': 0.0}]"
"[['O', '-', 'O'], ['X', '-', 'X'], ['-', 'O', '-']]","[{'cell': (1, 1), 'value': -0.05}]"
"[['-', '-', '-'], ['-', '-', '-'], ['O', '-', '-']]","[{'cell': (2, 2), 'value': 0.0}, {'cell': (2, 1), 'value': 0.0}, {'cell': (1, 2), 'value': 0.0}]"
"[['-', '-', '-'], ['-', 'X', 'O'], ['O', '-', '-']]","[{'cell': (2, 2), 'value': 0.0}]"
"[['-', 'X', '-'], ['-', 'X', 'O'], ['O', '-', 'O']]","[{'cell': (0, 2), 'value': -0.05}]"
"[['O', 'X', '-'], ['X', 'X', 'O'], ['O', '-', 'O']]","[{'cell': (0, 2), 'value': -0.05}]"
"[['-', '-', 'O'], ['-', '-', 'O'], ['-', 'X', '-']]","[{'cell': (2, 0), 'value': 0.0}, {'cell': (2, 2), 'value': -0.05}]"
"[['O', '-', 'O'], ['-', '-', 'O'], ['-', 'X', 'X']]","[{'cell': (2, 0), 'value': 0.0}]"
"[['O', 'X', 'O'], ['O', '-', 'O'], ['-', 'X', 'X']]","[{'cell': (1, 1), 'value': 0.1}]"
"[['O', '-', '-'], ['-', '-', 'X'], ['-', '-', '-']]","[{'cell': (2, 2), 'value': 0.0}, {'cell': (2, 1), 'value': 0.0}]"
"[['O', '-', '-'], ['-', '-', 'X'], ['X', '-', 'O']]","[{'cell': (1, 0), 'value': 0.0}]"
"[['O', '-', '-'], ['-', 'X', 'X'], ['X', 'O', 'O']]","[{'cell': (1, 0), 'value': 0.0}]"
"[['O', 'X', '-'], ['O', 'X', 'X'], ['X', 'O', 'O']]","[{'cell': (0, 2), 'value': 0.1}]"
"[['-', 'X', '-'], ['-', '-', 'O'], ['-', '-', '-']]","[{'cell': (2, 2), 'value': 0.0}]"
"[['-', 'X', '-'], ['-', 'X', 'O'], ['-', 'O', '-']]","[{'cell': (2, 2), 'value': 0.0}]"
"[['O', 'X', 'X'], ['-', 'X', 'O'], ['-', 'O', '-']]","[{'cell': (2, 0), 'value': 0.0}]"
"[['O', 'X', 'X'], ['-', 'X', 'O'], ['O', 'O', 'X']]","[{'cell': (1, 0), 'value': 0.0}]"
"[['-', 'O', '-'], ['-', '-', '-'], ['-', '-', '-']]","[{'cell': (2, 1), 'value': 0.0}, {'cell': (2, 2), 'value': 0.0}]"
"[['-', 'O', 'O'], ['-', '-', 'X'], ['-', '-', '-']]","[{'cell': (2, 1), 'value': -0.05}, {'cell': (2, 2), 'value': -0.05}]"
"[['-', 'O', 'O'], ['O', '-', 'X'], ['-', '-', 'X']]","[{'cell': (2, 1), 'value': -0.05}]"
"[['-', 'O', 'O'], ['O', 'X', 'X'], ['-', 'O', 'X']]","[{'cell': (2, 0), 'value': -0.05}]"
"[['-', '-', '-'], ['O', 'X', '-'], ['-', 'X', 'O']]","[{'cell': (2, 0), 'value': 0.0}]"
"[['-', '-', 'X'], ['O', 'X', '-'], ['O', 'X', 'O']]","[{'cell': (0, 1), 'value': 0.0}]"
"[['X', '-', 'X'], ['O', 'X', 'O'], ['O', 'X', 'O']]","[{'cell': (0, 1), 'value': 0.1}]"
"[['-', '-', '-'], ['-', 'O', '-'], ['-', '-', '-']]","[{'cell': (2, 1), 'value': 0.0}, {'cell': (2, 2), 'value': 0.0}, {'cell': (2, 0), 'value': 0.0}]"
"[['-', 'O', '-'], ['-', 'O', '-'], ['-', '-', 'X']]","[{'cell': (2, 1), 'value': -0.05}]"
"[['-', 'O', 'O'], ['-', 'O', '-'], ['X', '-', 'X']]","[{'cell': (1, 2), 'value': 0.1}]"
"[['X', '-', '-'], ['-', 'O', '-'], ['-', 'X', 'O']]","[{'cell': (1, 2), 'value': 0.0}]"
"[['X', '-', '-'], ['-', 'O', 'O'], ['X', 'X', 'O']]","[{'cell': (0, 2), 'value': -0.05}]"
"[['-', 'O', '-'], ['X', 'O', '-'], ['-', '-', '-']]","[{'cell': (2, 2), 'value': 0.0}]"
"[['-', 'O', '-'], ['X', 'O', '-'], ['O', 'X', '-']]","[{'cell': (2, 2), 'value': 0.0}]"
"[['O', 'O', 'X'], ['X', 'O', '-'], ['O', 'X', '-']]","[{'cell': (2, 2), 'value': 0.0}]"
"[['-', 'X', 'O'], ['-', 'X', 'O'], ['O', '-', '-']]","[{'cell': (1, 0), 'value': 0.0}]"
"[['-', 'X', 'O'], ['O', 'X', 'O'], ['O', '-', 'X']]","[{'cell': (0, 0), 'value': 0.1}]"
"[['-', '-', '-'], ['-', '-', 'O'], ['-', '-', '-']]","[{'cell': (2, 2), 'value': 0.0}, {'cell': (2, 1), 'value': 0.0}]"
"[['-', 'O', '-'], ['-', '-', 'O'], ['-', 'X', '-']]","[{'cell': (1, 1), 'value': 0.0}]"
"[['-', 'O', '-'], ['O', '-', 'O'], ['X', 'X', '-']]","[{'cell': (2, 2), 'value': -0.05}]"
"[['-', '-', 'X'], ['-', '-', '-'], ['-', 'O', '-']]","[{'cell': (2, 0), 'value': 0.0}, {'cell': (2, 2), 'value': 0.0}]"
"[['-', 'X', 'X'], ['-', '-', 'O'], ['-', 'O', '-']]","[{'cell': (2, 2), 'value': 0.0}]"
"[['-', 'X', 'X'], ['O', 'X', 'O'], ['-', 'O', '-']]","[{'cell': (2, 0), 'value': 0.0}]"
"[['O', 'X', 'X'], ['O', 'X', 'O'], ['-', 'O', 'X']]","[{'cell': (2, 0), 'value': 0.1}]"
"[['-', '-', '-'], ['-', '-', '-'], ['-', 'O', '-']]","[{'cell': (2, 2), 'value': 0.0}, {'cell': (2, 0), 'value': 0.0}, {'cell': (1, 2), 'value': 0.0}]"
"[['-', 'X', '-'], ['-', '-', 'O'], ['-', 'O', '-']]","[{'cell': (2, 0), 'value': 0.0}]"
"[['X', 'X', '-'], ['O', '-', 'O'], ['-', 'O', '-']]","[{'cell': (1, 1), 'value': -0.05}]"
"[['X', 'X', '-'], ['O', '-', 'O'], ['O', 'O', 'X']]","[{'cell': (0, 2), 'value': 0.1}]"
"[['-', '-', 'X'], ['-', 'O', '-'], ['O', '-', '-']]","[{'cell': (2, 1), 'value': 0.0}]"
"[['O', 'X', 'X'], ['-', 'O', '-'], ['O', '-', '-']]","[{'cell': (2, 2), 'value': -0.05}]"
"[['O', 'X', 'X'], ['X', 'O', 'O'], ['O', '-', '-']]","[{'cell': (2, 2), 'value': 0.0}]"
"[['-', '-', '-'], ['O', '-', '-'], ['-', '-', '-']]","[{'cell': (2, 2), 'value': 0.0}, {'cell': (2, 1), 'value': 0.0}]"
"[['-', '-', 'O'], ['O', '-', '-'], ['X', '-', '-']]","[{'cell': (2, 2), 'value': 0.0}]"
"[['-', '-', 'O'], ['O', 'X', 'O'], ['X', '-', '-']]","[{'cell': (2, 1), 'value': -0.05}]"
"[['-', '-', 'O'], ['X', '-', '-'], ['-', '-', '-']]","[{'cell': (2, 2), 'value': 0.0}, {'cell': (2, 1), 'value': 0.0}]"
"[['O', '-', 'O'], ['X', '-', '-'], ['-', 'X', '-']]","[{'cell': (2, 0), 'value': 0.0}]"
"[['O', 'X', 'O'], ['X', 'O', '-'], ['-', 'X', '-']]","[{'cell': (2, 0), 'value': -0.05}, {'cell': (2, 2), 'value': -0.095}]"
"[['-', 'O', '-'], ['-', 'X', '-'], ['-', '-', '-']]","[{'cell': (2, 2), 'value': 0.0}, {'cell': (2, 1), 'value': 0.0}]"
"[['-', 'O', 'O'], ['X', 'X', '-'], ['-', '-', '-']]","[{'cell': (2, 0), 'value': -0.05}]"
"[['-', 'O', 'O'], ['X', 'X', '-'], ['-', 'O', 'X']]","[{'cell': (2, 0), 'value': 0.1}]"
"[['-', '-', '-'], ['X', '-', '-'], ['-', '-', 'O']]","[{'cell': (2, 1), 'value': 0.0}, {'cell': (2, 0), 'value': 0.0}]"
"[['-', 'O', 'X'], ['X', '-', '-'], ['-', '-', 'O']]","[{'cell': (2, 1), 'value': 0.0}]"
"[['-', 'O', 'X'], ['X', '-', 'X'], ['-', 'O', 'O']]","[{'cell': (1, 1), 'value': -0.05}]"
"[['-', '-', '-'], ['X', '-', '-'], ['O', '-', 'O']]","[{'cell': (2, 1), 'value': -0.05}]"
"[['-', '-', '-'], ['-', 'O', '-'], ['O', '-', 'X']]","[{'cell': (2, 1), 'value': -0.05}]"
"[['-', 'X', '-'], ['-', 'O', '-'], ['O', 'O', 'X']]","[{'cell': (1, 2), 'value': 0.0}]"
"[['O', 'X', 'X'], ['-', 'O', '-'], ['O', 'O', 'X']]","[{'cell': (1, 0), 'value': 0.0}]"
"[['-', '-', '-'], ['O', 'X', '-'], ['-', '-', '-']]","[{'cell': (2, 2), 'value': 0.0}]"
"[['-', '-', '-'], ['O', 'X', '-'], ['X', '-', 'O']]","[{'cell': (0, 2), 'value': 0.0}, {'cell': (2, 1), 'value': 0.0}]"
"[['O', '-', '-'], ['O', 'X', 'X'], ['X', '-', 'O']]","[{'cell': (2, 1), 'value': 0.1}]"
"[['-', '-', '-'], ['-', 'O', '-'], ['X', 'O', '-']]","[{'cell': (1, 2), 'value': -0.05}, {'cell': (2, 2), 'value': 0.0}]"
"[['-', '-', '-'], ['-', 'O', 'O'], ['X', 'O', 'X']]","[{'cell': (0, 2), 'value': -0.05}]"
"[['-', '-', 'O'], ['-', 'X', '-'], ['-', '-', '-']]","[{'cell': (2, 2), 'value': 0.0}, {'cell': (2, 1), 'value': 0.0}]"
"[['O', 'X', 'O'], ['-', 'X', '-'], ['-', '-', '-']]","[{'cell': (2, 2), 'value': 0.0}]"
"[['O', 'X', 'O'], ['-', 'X', 'X'], ['O', '-', '-']]","[{'cell': (2, 1), 'value': 0.1}]"
"[['-', '-', '-'], ['O', '-', '-'], ['X', '-', '-']]","[{'cell': (1, 2), 'value': 0.0}, {'cell': (2, 2), 'value': 0.0}, {'cell': (2, 1), 'value': 0.0}]"
"[['-', 'O', '-'], ['O', '-', '-'], ['X', 'X', '-']]","[{'cell': (1, 2), 'value': 0.0}, {'cell': (1, 1), 'value': 0.1}]"
"[['X', 'O', '-'], ['O', '-', 'O'], ['X', 'X', '-']]","[{'cell': (0, 2), 'value': 0.1}]"
"[['-', '-', '-'], ['-', 'X', 'O'], ['-', '-', 'O']]","[{'cell': (2, 1), 'value': -0.05}]"
"[['O', 'X', '-'], ['-', 'X', 'O'], ['-', '-', 'O']]","[{'cell': (2, 1), 'value': -0.05}]"
"[['O', 'X', '-'], ['X', 'X', 'O'], ['-', 'O', 'O']]","[{'cell': (2, 0), 'value': -0.05}]"
"[['-', '-', 'O'], ['-', 'O', '-'], ['-', '-', 'X']]","[{'cell': (2, 0), 'value': -0.05}, {'cell': (2, 1), 'value': -0.05}]"
"[['-', '-', 'O'], ['X', 'O', 'O'], ['-', '-', 'X']]","[{'cell': (2, 0), 'value': -0.05}]"
"[['-', 'O', 'O'], ['X', 'O', 'O'], ['-', 'X', 'X']]","[{'cell': (0, 0), 'value': -0.05}]"
"[['-', '-', '-'], ['-', '-', '-'], ['-', '-', 'O']]","[{'cell': (2, 0), 'value': 0.0}, {'cell': (2, 1), 'value': 0.0}, {'cell': (1, 2), 'value': 0.0}]"
"[['-', '-', '-'], ['-', '-', 'O'], ['-', 'X', 'O']]","[{'cell': (2, 0), 'value': -0.05}]"
"[['-', '-', '-'], ['X', 'O', 'O'], ['-', 'X', 'O']]","[{'cell': (2, 0), 'value': -0.05}, {'cell': (0, 2), 'value': -0.095}]"
"[['-', 'X', '-'], ['X', 'O', 'O'], ['O', 'X', 'O']]","[{'cell': (0, 0), 'value': -0.05}]"
"[['X', '-', '-'], ['-', '-', '-'], ['O', '-', '-']]","[{'cell': (2, 1), 'value': 0.0}, {'cell': (2, 2), 'value': 0.0}]"
"[['X', '-', '-'], ['-', '-', 'O'], ['O', '-', 'X']]","[{'cell': (2, 1), 'value': 0.0}]"
"[['X', '-', 'X'], ['-', '-', 'O'], ['O', 'O', 'X']]","[{'cell': (1, 1), 'value': 0.0}]"
"[['X', 'O', 'X'], ['X', '-', 'O'], ['O', 'O', 'X']]","[{'cell': (1, 1), 'value': 0.271}]"
"[['-', '-', '-'], ['-', '-', '-'], ['X', 'O', 'O']]","[{'cell': (1, 1), 'value': 0.0}, {'cell': (1, 2), 'value': 0.0}]"
"[['O', 'X', '-'], ['-', '-', '-'], ['X', 'O', 'O']]","[{'cell': (1, 2), 'value': -0.05}]"
"[['O', 'X', 'X'], ['-', '-', 'O'], ['X', 'O', 'O']]","[{'cell': (1, 1), 'value': 0.1}]"
"[['-', '-', '-'], ['-', 'O', '-'], ['-', 'X', '-']]","[{'cell': (2, 0), 'value': 0.0}, {'cell': (2, 2), 'value': 0.0}]"
"[['-', '-', '-'], ['-', 'O', '-'], ['O', 'X', 'X']]","[{'cell': (1, 2), 'value': 0.0}]"
"[['O', '-', 'X'], ['-', 'O', '-'], ['O', 'X', 'X']]","[{'cell': (1, 2), 'value': 0.0}, {'cell': (0, 1), 'value': 0.0}]"
"[['O', 'O', 'X'], ['X', 'O', '-'], ['O', 'X', 'X']]","[{'cell': (1, 2), 'value': 0.1}]"
"[['-', '-', '-'], ['O', '-', '-'], ['O', 'X', '-']]","[{'cell': (2, 2), 'value': 0.0}]"
"[['X', '-', '-'], ['O', '-', '-'], ['O', 'X', 'O']]","[{'cell': (1, 2), 'value': 0.0}]"
"[['X', '-', 'O'], ['O', 'X', '-'], ['O', 'X', 'O']]","[{'cell': (0, 1), 'value': 0.1}]"
"[['-', 'O', '-'], ['-', '-', '-'], ['-', 'X', '-']]","[{'cell': (2, 2), 'value': 0.0}]"
"[['-', 'O', '-'], ['O', 'X', '-'], ['-', 'X', '-']]","[{'cell': (2, 2), 'value': 0.0}]"
"[['-', 'O', 'O'], ['O', 'X', 'X'], ['-', 'X', '-']]","[{'cell': (2, 0), 'value': 0.0}]"
"[['X', 'O', 'O'], ['O', 'X', 'X'], ['-', 'X', 'O']]","[{'cell': (2, 0), 'value': 0.0}]"
"[['-', '-', 'O'], ['X', 'O', 'O'], ['-', 'X', '-']]","[{'cell': (2, 0), 'value': -0.05}, {'cell': (2, 2), 'value': -0.05}]"
"[['X', 'O', '-'], ['-', '-', '-'], ['-', '-', '-']]","[{'cell': (2, 2), 'value': 0.0}]"
"[['X', 'O', '-'], ['O', '-', '-'], ['-', 'X', '-']]","[{'cell': (2, 2), 'value': 0.0}]"
"[['X', 'O', '-'], ['O', 'O', '-'], ['X', 'X', '-']]","[{'cell': (0, 2), 'value': 0.0}]"
"[['X', 'O', '-'], ['O', 'O', 'X'], ['X', 'X', 'O']]","[{'cell': (0, 2), 'value': 0.0}]"
"[['-', '-', '-'], ['-', '-', '-'], ['X', '-', 'O']]","[{'cell': (2, 1), 'value': 0.0}, {'cell': (1, 2), 'value': 0.0}]"
"[['-', 'X', '-'], ['-', '-', '-'], ['X', 'O', 'O']]","[{'cell': (1, 2), 'value': 0.0}]"
"[['-', 'X', '-'], ['-', 'X', 'O'], ['X', 'O', 'O']]","[{'cell': (0, 0), 'value': -0.05}]"
"[['-', 'O', '-'], ['-', '-', 'X'], ['-', '-', '-']]","[{'cell': (2, 1), 'value': 0.0}, {'cell': (2, 0), 'value': 0.0}, {'cell': (2, 2), 'value': 0.0}]"
"[['X', 'O', 'O'], ['-', '-', 'X'], ['-', '-', '-']]","[{'cell': (2, 2), 'value': 0.0}]"
"[['X', 'O', 'O'], ['-', 'X', 'X'], ['-', 'O', '-']]","[{'cell': (1, 0), 'value': 0.0}]"
"[['X', 'O', 'O'], ['O', 'X', 'X'], ['X', 'O', '-']]","[{'cell': (2, 2), 'value': 0.1}]"
"[['-', '-', '-'], ['-', '-', '-'], ['-', 'O', 'X']]","[{'cell': (2, 0), 'value': 0.0}]"
"[['-', 'O', '-'], ['X', '-', '-'], ['-', 'O', 'X']]","[{'cell': (2, 0), 'value': -0.05}, {'cell': (1, 2), 'value': 0.0}]"
"[['X', 'O', '-'], ['X', '-', '-'], ['O', 'O', 'X']]","[{'cell': (1, 1), 'value': -0.05}]"
"[['-', 'X', '-'], ['-', 'O', '-'], ['-', 'O', '-']]","[{'cell': (2, 2), 'value': 0.0}]"
"[['X', 'X', '-'], ['-', 'O', '-'], ['-', 'O', 'O']]","[{'cell': (1, 0), 'value': -0.05}]"
"[['X', 'X', 'O'], ['-', 'O', 'X'], ['-', 'O', 'O']]","[{'cell': (2, 0), 'value': 0.0}]"
"[['-', '-', '-'], ['-', '-', 'O'], ['-', 'X', '-']]","[{'cell': (2, 0), 'value': 0.0}, {'cell': (2, 2), 'value': 0.0}]"
"[['O', '-', '-'], ['X', '-', 'O'], ['-', 'X', '-']]","[{'cell': (2, 0), 'value': 0.0}]"
"[['O', 'O', '-'], ['X', '-', 'O'], ['-', 'X', 'X']]","[{'cell': (1, 1), 'value': 0.1}]"
"[['-', '-', '-'], ['X', '-', 'O'], ['-', '-', '-']]","[{'cell': (2, 2), 'value': 0.0}, {'cell': (2, 1), 'value': 0.0}]"
"[['X', 'O', '-'], ['X', '-', 'O'], ['-', '-', '-']]","[{'cell': (2, 2), 'value': 0.0}]"
"[['X', 'O', '-'], ['X', '-', 'O'], ['O', 'X', '-']]","[{'cell': (0, 2), 'value': 0.0}]"
"[['X', 'O', '-'], ['X', 'O', 'O'], ['O', 'X', 'X']]","[{'cell': (0, 2), 'value': 0.0}]"
"[['-', 'X', '-'], ['-', '-', '-'], ['-', 'O', '-']]","[{'cell': (2, 2), 'value': 0.0}, {'cell': (2, 0), 'value': 0.0}]"
"[['-', 'X', '-'], ['O', '-', 'X'], ['-', 'O', '-']]","[{'cell': (2, 2), 'value': 0.0}]"
"[['-', 'X', 'O'], ['O', '-', 'X'], ['X', 'O', '-']]","[{'cell': (0, 0), 'value': 0.0}]"
"[['O', 'X', 'O'], ['O', 'X', 'X'], ['X', 'O', '-']]","[{'cell': (2, 2), 'value': 0.0}]"
"[['O', 'X', '-'], ['-', '-', '-'], ['O', '-', '-']]","[{'cell': (2, 1), 'value': -0.05}]"
"[['O', 'X', '-'], ['-', '-', '-'], ['O', 'O', 'X']]","[{'cell': (1, 1), 'value': 0.0}]"
"[['O', 'X', '-'], ['X', 'O', '-'], ['O', 'O', 'X']]","[{'cell': (1, 2), 'value': -0.05}]"
"[['-', '-', 'O'], ['-', '-', '-'], ['-', '-', 'X']]","[{'cell': (2, 1), 'value': 0.0}]"
"[['-', '-', 'O'], ['O', '-', 'X'], ['-', '-', 'X']]","[{'cell': (2, 0), 'value': 0.0}]"
"[['X', '-', 'O'], ['O', '-', 'X'], ['O', '-', 'X']]","[{'cell': (1, 1), 'value': -0.05}]"
"[['-', '-', 'O'], ['-', 'X', 'O'], ['-', '-', '-']]","[{'cell': (2, 2), 'value': -0.05}, {'cell': (2, 1), 'value': -0.045}]"
"[['-', '-', 'O'], ['-', 'X', 'O'], ['X', 'O', '-']]","[{'cell': (0, 1), 'value': 0.0}]"
"[['-', '-', 'O'], ['O', 'X', 'O'], ['X', 'O', 'X']]","[{'cell': (0, 1), 'value': 0.0}]"
"[['-', '-', 'O'], ['X', '-', '-'], ['X', 'O', 'O']]","[{'cell': (0, 1), 'value': 0.0}]"
"[['-', '-', 'O'], ['X', 'O', 'X'], ['X', 'O', 'O']]","[{'cell': (0, 0), 'value': 0.1}]"
"[['O', '-', '-'], ['X', '-', '-'], ['-', '-', '-']]","[{'cell': (2, 2), 'value': 0.0}]"
"[['O', '-', '-'], ['X', 'X', '-'], ['O', '-', '-']]","[{'cell': (2, 2), 'value': 0.0}]"
"[['O', '-', 'X'], ['X', 'X', '-'], ['O', '-', 'O']]","[{'cell': (0, 1), 'value': 0.0}]"
"[['O', '-', 'X'], ['X', 'X', 'O'], ['O', 'X', 'O']]","[{'cell': (0, 1), 'value': 0.19}]"
"[['-', '-', '-'], ['X', 'O', '-'], ['-', '-', '-']]","[{'cell': (2, 2), 'value': 0.0}, {'cell': (2, 1), 'value': 0.0}]"
"[['-', '-', 'O'], ['X', 'O', '-'], ['-', 'X', '-']]","[{'cell': (2, 2), 'value': -0.05}]"
"[['-', '-', '-'], ['-', '-', 'O'], ['X', 'O', '-']]","[{'cell': (2, 2), 'value': 0.0}]"
"[['X', '-', '-'], ['-', 'O', 'O'], ['X', 'O', '-']]","[{'cell': (2, 2), 'value': 0.1}]"
"[['-', '-', '-'], ['X', 'O', '-'], ['-', 'O', '-']]","[{'cell': (2, 2), 'value': 0.0}, {'cell': (1, 2), 'value': -0.05}]"
"[['-', 'X', '-'], ['X', 'O', '-'], ['O', 'O', '-']]","[{'cell': (2, 2), 'value': -0.05}]"
"[['O', '-', '-'], ['-', '-', 'O'], ['-', 'X', '-']]","[{'cell': (2, 0), 'value': 0.0}, {'cell': (2, 2), 'value': 0.0}]"
"[['O', '-', '-'], ['O', '-', 'O'], ['-', 'X', 'X']]","[{'cell': (1, 1), 'value': 0.1}]"
"[['-', '-', '-'], ['-', 'X', 'O'], ['-', '-', '-']]","[{'cell': (2, 2), 'value': 0.0}, {'cell': (2, 1), 'value': 0.0}]"
"[['X', '-', '-'], ['O', 'X', 'O'], ['-', '-', '-']]","[{'cell': (2, 2), 'value': 0.0}]"
"[['X', '-', '-'], ['O', 'X', 'O'], ['O', 'X', '-']]","[{'cell': (2, 2), 'value': 0.0}]"
"[['X', 'O', 'X'], ['O', 'X', 'O'], ['O', 'X', '-']]","[{'cell': (2, 2), 'value': 0.1}]"
"[['-', '-', 'O'], ['-', 'O', 'X'], ['-', '-', '-']]","[{'cell': (2, 1), 'value': -0.1355}, {'cell': (2, 2), 'value': -0.095}]"
"[['-', 'O', 'O'], ['-', 'O', 'X'], ['-', '-', 'X']]","[{'cell': (2, 0), 'value': -0.05}]"
"[['-', '-', '-'], ['O', '-', '-'], ['X', 'X', 'O']]","[{'cell': (1, 1), 'value': 0.0}]"
"[['O', '-', 'X'], ['O', '-', '-'], ['X', 'X', 'O']]","[{'cell': (0, 1), 'value': -0.05}]"
"[['O', 'O', 'X'], ['O', '-', 'X'], ['X', 'X', 'O']]","[{'cell': (1, 1), 'value': 0.1}]"
"[['-', '-', '-'], ['-', '-', '-'], ['X', 'O', '-']]","[{'cell': (2, 2), 'value': 0.0}, {'cell': (1, 2), 'value': 0.0}]"
"[['O', '-', '-'], ['-', '-', 'X'], ['X', 'O', '-']]","[{'cell': (1, 0), 'value': 0.0}, {'cell': (2, 2), 'value': 0.0}]"
"[['O', '-', '-'], ['O', '-', 'X'], ['X', 'O', 'X']]","[{'cell': (0, 2), 'value': 0.0}]"
"[['O', 'X', '-'], ['O', 'O', 'X'], ['X', 'O', 'X']]","[{'cell': (0, 2), 'value': 0.1}]"
"[['O', 'O', '-'], ['-', '-', '-'], ['-', '-', 'X']]","[{'cell': (2, 1), 'value': -0.05}]"
"[['O', 'O', '-'], ['-', '-', 'X'], ['-', 'O', 'X']]","[{'cell': (2, 0), 'value': -0.05}]"
"[['O', 'O', '-'], ['O', 'X', 'X'], ['-', 'O', 'X']]","[{'cell': (0, 2), 'value': 0.1}]"
"[['-', 'O', '-'], ['X', '-', '-'], ['-', '-', '-']]","[{'cell': (2, 2), 'value': 0.0}, {'cell': (2, 1), 'value': 0.0}]"
"[['O', 'O', '-'], ['X', '-', 'X'], ['-', '-', '-']]","[{'cell': (2, 2), 'value': -0.05}]"
"[['O', 'O', '-'], ['X', '-', 'X'], ['O', 'X', '-']]","[{'cell': (1, 1), 'value': 0.0}]"
"[['O', 'O', 'X'], ['X', 'O', 'X'], ['O', 'X', '-']]","[{'cell': (2, 2), 'value': 0.19}]"
"[['-', '-', '-'], ['O', '-', 'O'], ['X', '-', '-']]","[{'cell': (2, 1), 'value': -0.05}, {'cell': (2, 2), 'value': -0.05}]"
"[['-', '-', '-'], ['X', '-', '-'], ['O', '-', '-']]","[{'cell': (2, 1), 'value': 0.0}, {'cell': (2, 2), 'value': 0.0}]"
"[['-', '-', 'O'], ['X', '-', '-'], ['O', '-', 'X']]","[{'cell': (2, 1), 'value': -0.05}]"
"[['X', 'O', 'O'], ['X', '-', '-'], ['O', '-', 'X']]","[{'cell': (1, 1), 'value': -0.05}]"
"[['X', 'O', 'O'], ['X', '-', 'X'], ['O', 'O', 'X']]","[{'cell': (1, 1), 'value': 0.1}]"
"[['-', 'O', '-'], ['-', 'X', '-'], ['X', '-', 'O']]","[{'cell': (1, 2), 'value': 0.1}]"
"[['-', '-', 'X'], ['O', '-', '-'], ['O', '-', '-']]","[{'cell': (2, 2), 'value': -0.05}]"
"[['-', 'X', 'X'], ['O', '-', '-'], ['O', 'O', '-']]","[{'cell': (1, 1), 'value': -0.05}, {'cell': (1, 2), 'value': -0.05}]"
"[['O', '-', '-'], ['O', '-', '-'], ['X', '-', '-']]","[{'cell': (2, 1), 'value': 0.0}]"
"[['O', '-', '-'], ['O', '-', '-'], ['X', 'O', 'X']]","[{'cell': (1, 1), 'value': 0.0}]"
"[['O', 'O', '-'], ['O', '-', 'X'], ['X', 'O', 'X']]","[{'cell': (1, 1), 'value': -0.05}]"
"[['X', 'O', '-'], ['-', '-', '-'], ['-', '-', 'O']]","[{'cell': (2, 1), 'value': 0.0}]"
"[['X', 'O', '-'], ['-', '-', 'X'], ['-', 'O', 'O']]","[{'cell': (2, 0), 'value': -0.05}]"
"[['-', '-', '-'], ['O', '-', 'X'], ['-', '-', '-']]","[{'cell': (2, 2), 'value': 0.0}]"
"[['-', '-', '-'], ['O', '-', 'X'], ['-', 'X', 'O']]","[{'cell': (1, 1), 'value': 0.0}, {'cell': (2, 0), 'value': 0.0}]"
"[['-', 'O', '-'], ['O', '-', 'X'], ['X', 'X', 'O']]","[{'cell': (0, 2), 'value': 0.0}]"
"[['X', 'O', 'O'], ['O', '-', 'X'], ['X', 'X', 'O']]","[{'cell': (1, 1), 'value': 0.0}]"
"[['-', '-', 'O'], ['-', '-', 'X'], ['-', '-', '-']]","[{'cell': (2, 2), 'value': 0.0}, {'cell': (2, 1), 'value': 0.0}]"
"[['-', 'X', 'O'], ['-', '-', 'X'], ['O', '-', '-']]","[{'cell': (2, 2), 'value': -0.05}, {'cell': (1, 1), 'value': -0.05}]"
"[['O', 'X', 'O'], ['-', '-', 'X'], ['O', 'X', '-']]","[{'cell': (1, 1), 'value': -0.05}]"
"[['X', 'O', '-'], ['O', '-', 'X'], ['-', '-', '-']]","[{'cell': (2, 2), 'value': 0.0}]"
"[['X', 'O', '-'], ['O', 'O', 'X'], ['X', '-', '-']]","[{'cell': (2, 1), 'value': -0.05}]"
"[['X', 'O', 'O'], ['O', 'O', 'X'], ['X', '-', 'X']]","[{'cell': (2, 1), 'value': 0.1}]"
"[['X', '-', '-'], ['-', '-', '-'], ['-', '-', 'O']]","[{'cell': (2, 1), 'value': 0.0}]"
"[['X', '-', '-'], ['-', '-', 'X'], ['O', '-', 'O']]","[{'cell': (2, 1), 'value': -0.05}]"
"[['X', 'X', 'O'], ['-', '-', 'X'], ['O', '-', 'O']]","[{'cell': (1, 1), 'value': -0.05}, {'cell': (1, 0), 'value': -0.05}]"
"[['X', '-', '-'], ['X', '-', '-'], ['-', 'O', 'O']]","[{'cell': (2, 0), 'value': -0.05}]"
"[['X', 'O', 'X'], ['X', '-', '-'], ['-', 'O', 'O']]","[{'cell': (1, 2), 'value': -0.05}]"
"[['X', 'O', 'X'], ['X', 'X', 'O'], ['-', 'O', 'O']]","[{'cell': (2, 0), 'value': 0.1}]"
"[['-', 'X', '-'], ['O', '-', 'O'], ['-', 'X', '-']]","[{'cell': (2, 0), 'value': -0.05}]"
"[['-', 'X', 'O'], ['O', '-', 'O'], ['-', 'X', 'X']]","[{'cell': (0, 0), 'value': 0.1}]"
"[['X', '-', 'X'], ['-', '-', '-'], ['-', 'O', 'O']]","[{'cell': (2, 0), 'value': -0.05}]"
"[['X', '-', 'X'], ['-', 'X', 'O'], ['-', 'O', 'O']]","[{'cell': (0, 1), 'value': 0.1}]"
"[['O', 'O', '-'], ['-', '-', '-'], ['X', 'O', 'X']]","[{'cell': (1, 2), 'value': -0.05}]"
"[['O', 'O', 'X'], ['-', '-', 'O'], ['X', 'O', 'X']]","[{'cell': (1, 1), 'value': 0.1}]"
"[['O', '-', '-'], ['-', '-', '-'], ['X', '-', 'O']]","[{'cell': (2, 1), 'value': -0.05}]"
"[['O', '-', '-'], ['O', '-', 'X'], ['X', '-', 'O']]","[{'cell': (1, 1), 'value': -0.05}]"
"[['O', '-', 'O'], ['O', '-', 'X'], ['X', 'X', 'O']]","[{'cell': (0, 1), 'value': -0.095}]"
"[['-', '-', '-'], ['-', '-', 'X'], ['O', '-', '-']]","[{'cell': (1, 1), 'value': 0.0}]"
"[['-', '-', '-'], ['-', '-', 'X'], ['O', 'X', 'O']]","[{'cell': (1, 1), 'value': 0.0}]"
"[['O', '-', 'X'], ['-', '-', 'X'], ['O', 'X', 'O']]","[{'cell': (1, 1), 'value': -0.05}]"
"[['-', '-', '-'], ['-', 'O', 'X'], ['-', '-', '-']]","[{'cell': (2, 2), 'value': 0.0}]"
"[['-', 'X', '-'], ['-', 'O', 'X'], ['-', '-', 'O']]","[{'cell': (2, 1), 'value': 0.0}]"
"[['X', 'X', '-'], ['O', 'O', 'X'], ['-', '-', 'O']]","[{'cell': (2, 0), 'value': 0.0}]"
"[['X', 'X', 'O'], ['O', 'O', 'X'], ['-', 'X', 'O']]","[{'cell': (2, 0), 'value': 0.0}]"
"[['X', 'O', '-'], ['X', 'O', '-'], ['-', '-', '-']]","[{'cell': (2, 2), 'value': -0.05}]"
"[['X', 'O', '-'], ['X', 'O', 'X'], ['O', '-', '-']]","[{'cell': (0, 2), 'value': -0.05}]"
"[['-', '-', '-'], ['-', '-', 'O'], ['-', '-', 'X']]","[{'cell': (2, 1), 'value': 0.0}, {'cell': (2, 0), 'value': 0.0}]"
"[['X', '-', '-'], ['-', '-', 'O'], ['-', 'O', 'X']]","[{'cell': (2, 0), 'value': 0.0}]"
"[['X', 'O', '-'], ['X', '-', 'O'], ['-', 'O', 'X']]","[{'cell': (1, 1), 'value': -0.05}]"
"[['-', '-', '-'], ['-', '-', '-'], ['O', '-', 'X']]","[{'cell': (2, 1), 'value': 0.0}]"
"[['-', 'X', '-'], ['-', 'O', '-'], ['O', '-', 'X']]","[{'cell': (1, 2), 'value': -0.05}]"
"[['O', 'X', '-'], ['-', 'O', '-'], ['O', 'X', 'X']]","[{'cell': (1, 0), 'value': -0.05}]"
"[['O', 'X', 'O'], ['-', '-', 'O'], ['-', 'X', '-']]","[{'cell': (1, 1), 'value': -0.05}]"
"[['O', 'X', 'O'], ['O', '-', 'O'], ['X', 'X', '-']]","[{'cell': (2, 2), 'value': 0.1}]"
"[['O', '-', 'O'], ['-', 'O', 'X'], ['-', 'X', '-']]","[{'cell': (2, 2), 'value': -0.05}]"
"[['-', '-', 'O'], ['X', 'X', 'O'], ['-', '-', '-']]","[{'cell': (2, 1), 'value': 0.0}]"
"[['O', '-', 'X'], ['-', '-', '-'], ['-', '-', '-']]","[{'cell': (2, 2), 'value': 0.0}, {'cell': (2, 1), 'value': 0.0}]"
"[['O', 'O', 'X'], ['-', '-', 'X'], ['-', '-', '-']]","[{'cell': (2, 0), 'value': 0.0}]"
"[['O', 'O', 'X'], ['-', '-', 'X'], ['O', 'X', '-']]","[{'cell': (1, 1), 'value': 0.0}]"
"[['O', 'O', 'X'], ['X', '-', 'X'], ['O', 'X', 'O']]","[{'cell': (1, 1), 'value': 0.1}]"
"[['O', '-', '-'], ['-', '-', '-'], ['O', 'X', '-']]","[{'cell': (1, 2), 'value': -0.05}]"
"[['O', '-', 'O'], ['-', '-', '-'], ['O', 'X', 'X']]","[{'cell': (1, 1), 'value': -0.05}]"
"[['O', '-', 'O'], ['X', '-', 'O'], ['O', 'X', 'X']]","[{'cell': (0, 1), 'value': -0.05}]"
"[['-', 'O', 'X'], ['-', '-', '-'], ['X', '-', 'O']]","[{'cell': (2, 1), 'value': 0.0}]"
"[['X', 'O', 'X'], ['O', '-', '-'], ['X', '-', 'O']]","[{'cell': (1, 2), 'value': 0.1}]"
"[['X', '-', '-'], ['-', '-', 'O'], ['-', 'O', '-']]","[{'cell': (2, 2), 'value': 0.0}]"
"[['X', '-', '-'], ['X', 'O', 'O'], ['-', 'O', '-']]","[{'cell': (2, 0), 'value': 0.0}]"
"[['X', 'X', '-'], ['X', 'O', 'O'], ['-', 'O', 'O']]","[{'cell': (0, 2), 'value': 0.1}]"
"[['-', '-', '-'], ['-', '-', 'X'], ['-', '-', 'O']]","[{'cell': (2, 0), 'value': 0.0}]"
"[['-', '-', '-'], ['O', 'X', 'X'], ['-', '-', 'O']]","[{'cell': (2, 1), 'value': 0.0}]"
"[['-', '-', 'X'], ['O', 'X', 'X'], ['-', 'O', 'O']]","[{'cell': (0, 0), 'value': -0.05}]"
"[['X', '-', 'O'], ['-', '-', '-'], ['X', 'O', '-']]","[{'cell': (2, 2), 'value': 0.1}, {'cell': (1, 2), 'value': 0.09}]"
"[['X', '-', 'O'], ['-', 'X', '-'], ['X', 'O', 'O']]","[{'cell': (1, 0), 'value': 0.0}]"
"[['X', 'O', 'O'], ['-', 'X', 'X'], ['X', 'O', 'O']]","[{'cell': (1, 0), 'value': 0.1}]"
"[['-', '-', '-'], ['-', '-', 'X'], ['-', 'O', '-']]","[{'cell': (2, 2), 'value': 0.0}]"
"[['-', 'X', '-'], ['-', '-', 'X'], ['O', 'O', '-']]","[{'cell': (2, 2), 'value': -0.05}]"
"[['-', 'X', 'X'], ['O', '-', 'X'], ['O', 'O', '-']]","[{'cell': (0, 0), 'value': 0.1}]"
"[['-', '-', '-'], ['X', '-', '-'], ['O', 'X', 'O']]","[{'cell': (1, 2), 'value': 0.0}]"
"[['-', '-', 'X'], ['X', '-', 'O'], ['O', 'X', 'O']]","[{'cell': (1, 1), 'value': 0.0}, {'cell': (0, 1), 'value': 0.0}]"
"[['X', 'O', 'X'], ['X', '-', 'O'], ['O', 'X', 'O']]","[{'cell': (1, 1), 'value': 0.0}]"
"[['O', '-', '-'], ['X', '-', '-'], ['-', 'X', 'O']]","[{'cell': (1, 1), 'value': -0.05}]"
"[['O', '-', 'O'], ['X', '-', '-'], ['X', 'X', 'O']]","[{'cell': (0, 1), 'value': -0.05}]"
"[['-', 'X', 'O'], ['-', 'O', '-'], ['-', '-', '-']]","[{'cell': (2, 2), 'value': -0.05}]"
"[['O', 'X', 'O'], ['-', 'O', '-'], ['-', 'X', '-']]","[{'cell': (2, 2), 'value': -0.05}]"
"[['O', 'X', '-'], ['-', '-', '-'], ['-', '-', '-']]","[{'cell': (2, 2), 'value': 0.0}]"
"[['O', 'X', '-'], ['X', '-', 'O'], ['-', '-', '-']]","[{'cell': (2, 1), 'value': 0.0}]"
"[['O', 'X', 'X'], ['X', 'O', 'O'], ['-', '-', '-']]","[{'cell': (2, 2), 'value': -0.05}]"
"[['O', 'X', 'X'], ['X', 'O', 'O'], ['O', 'X', '-']]","[{'cell': (2, 2), 'value': 0.0}]"
"[['O', '-', '-'], ['X', '-', '-'], ['O', '-', '-']]","[{'cell': (2, 1), 'value': 0.0}]"
"[['O', 'O', '-'], ['X', '-', '-'], ['O', '-', 'X']]","[{'cell': (2, 1), 'value': 0.0}]"
"[['O', 'O', 'X'], ['X', '-', 'O'], ['O', '-', 'X']]","[{'cell': (2, 1), 'value': 0.0}]"
"[['X', 'O', 'O'], ['-', '-', '-'], ['-', 'X', '-']]","[{'cell': (2, 2), 'value': 0.0}]"
"[['X', 'O', 'O'], ['-', '-', 'X'], ['-', 'X', 'O']]","[{'cell': (1, 1), 'value': 0.0}]"
"[['X', 'O', 'O'], ['X', '-', 'X'], ['O', 'X', 'O']]","[{'cell': (1, 1), 'value': 0.1}]"
"[['-', '-', 'X'], ['-', '-', 'O'], ['-', 'X', 'O']]","[{'cell': (2, 0), 'value': 0.0}, {'cell': (1, 1), 'value': 0.0}]"
"[['-', '-', 'X'], ['O', 'X', 'O'], ['-', 'X', 'O']]","[{'cell': (0, 1), 'value': 0.1}]"
"[['-', 'X', '-'], ['-', 'O', '-'], ['O', '-', '-']]","[{'cell': (2, 2), 'value': -0.05}, {'cell': (1, 2), 'value': -0.05}]"
"[['-', 'X', '-'], ['O', 'O', 'X'], ['O', '-', '-']]","[{'cell': (2, 1), 'value': -0.05}]"
"[['-', '-', '-'], ['-', 'O', '-'], ['O', 'X', '-']]","[{'cell': (2, 2), 'value': 0.0}]"
"[['-', '-', 'X'], ['O', 'O', '-'], ['O', 'X', '-']]","[{'cell': (2, 2), 'value': -0.05}]"
"[['X', 'O', 'X'], ['O', 'O', '-'], ['O', 'X', '-']]","[{'cell': (1, 2), 'value': 0.0}]"
"[['O', '-', '-'], ['-', '-', '-'], ['-', 'X', '-']]","[{'cell': (2, 2), 'value': 0.0}]"
"[['O', '-', 'X'], ['-', 'O', '-'], ['-', 'X', '-']]","[{'cell': (2, 0), 'value': 0.0}]"
"[['O', '-', 'X'], ['X', 'O', 'O'], ['O', 'X', 'X']]","[{'cell': (0, 1), 'value': 0.0}]"
"[['O', '-', '-'], ['-', '-', 'X'], ['-', 'O', '-']]","[{'cell': (2, 0), 'value': 0.0}, {'cell': (2, 2), 'value': 0.0}]"
"[['O', '-', '-'], ['-', '-', 'X'], ['O', 'O', 'X']]","[{'cell': (1, 0), 'value': -0.05}, {'cell': (1, 1), 'value': -0.045}]"
"[['-', '-', 'X'], ['-', 'O', 'O'], ['-', '-', '-']]","[{'cell': (2, 2), 'value': -0.05}, {'cell': (2, 1), 'value': -0.095}, {'cell': (2, 0), 'value': -0.1355}]"
"[['X', '-', 'O'], ['-', '-', '-'], ['-', '-', '-']]","[{'cell': (2, 2), 'value': 0.0}, {'cell': (2, 0), 'value': 0.0}, {'cell': (2, 1), 'value': 0.0}]"
"[['X', '-', 'O'], ['-', '-', 'X'], ['-', '-', 'O']]","[{'cell': (1, 1), 'value': 0.0}, {'cell': (2, 0), 'value': 0.0}]"
"[['X', '-', 'O'], ['-', 'O', 'X'], ['-', 'X', 'O']]","[{'cell': (0, 1), 'value': -0.05}]"
"[['-', '-', 'X'], ['-', '-', 'O'], ['-', 'O', 'X']]","[{'cell': (2, 0), 'value': 0.0}, {'cell': (1, 1), 'value': 0.0}]"
"[['-', '-', 'X'], ['O', 'X', 'O'], ['-', 'O', 'X']]","[{'cell': (0, 1), 'value': 0.1}]"
"[['O', '-', '-'], ['-', '-', '-'], ['-', '-', 'X']]","[{'cell': (2, 1), 'value': 0.0}]"
"[['O', 'X', 'O'], ['-', '-', '-'], ['-', '-', 'X']]","[{'cell': (2, 1), 'value': 0.0}]"
"[['O', 'X', 'O'], ['-', '-', 'O'], ['X', '-', 'X']]","[{'cell': (1, 0), 'value': 0.0}]"
"[['O', 'X', 'O'], ['-', 'X', 'O'], ['X', 'O', 'X']]","[{'cell': (1, 0), 'value': 0.0}]"
"[['X', 'O', '-'], ['-', '-', '-'], ['-', 'O', '-']]","[{'cell': (2, 2), 'value': -0.05}]"
"[['X', 'O', 'X'], ['O', '-', '-'], ['-', 'O', '-']]","[{'cell': (2, 2), 'value': -0.05}]"
"[['-', 'X', '-'], ['-', '-', '-'], ['O', '-', 'O']]","[{'cell': (1, 2), 'value': -0.05}]"
"[['-', 'X', 'O'], ['-', 'X', '-'], ['O', '-', 'O']]","[{'cell': (2, 1), 'value': -0.05}, {'cell': (1, 2), 'value': 0.05500000000000001}]"
"[['-', '-', 'X'], ['X', '-', 'O'], ['-', '-', 'O']]","[{'cell': (2, 1), 'value': 0.0}]"
"[['-', '-', 'X'], ['X', 'X', 'O'], ['-', 'O', 'O']]","[{'cell': (2, 0), 'value': -0.05}]"
"[['O', 'X', 'X'], ['X', 'X', 'O'], ['-', 'O', 'O']]","[{'cell': (2, 0), 'value': 0.1}]"
"[['-', 'X', '-'], ['-', 'O', '-'], ['-', '-', 'O']]","[{'cell': (2, 0), 'value': -0.05}, {'cell': (2, 1), 'value': -0.05}]"
"[['-', 'X', 'O'], ['-', 'O', '-'], ['-', 'X', 'O']]","[{'cell': (1, 2), 'value': -0.05}]"
"[['O', '-', '-'], ['-', 'X', 'O'], ['O', 'X', '-']]","[{'cell': (2, 2), 'value': 0.0}, {'cell': (1, 0), 'value': -0.05}]"
"[['O', '-', 'O'], ['X', 'X', 'O'], ['O', 'X', '-']]","[{'cell': (2, 2), 'value': -0.05}]"
"[['-', 'O', '-'], ['X', 'O', '-'], ['-', 'X', '-']]","[{'cell': (2, 0), 'value': 0.0}]"
"[['X', 'O', '-'], ['X', 'O', '-'], ['O', 'X', '-']]","[{'cell': (0, 2), 'value': -0.05}]"
"[['X', 'O', '-'], ['X', 'O', 'X'], ['O', 'X', 'O']]","[{'cell': (0, 2), 'value': 0.0}]"
"[['X', 'O', '-'], ['-', '-', 'X'], ['O', '-', '-']]","[{'cell': (2, 2), 'value': 0.0}]"
"[['X', 'O', 'O'], ['-', 'X', 'X'], ['O', '-', '-']]","[{'cell': (2, 1), 'value': 0.1}]"
"[['X', '-', '-'], ['X', '-', '-'], ['O', 'O', '-']]","[{'cell': (2, 2), 'value': -0.05}]"
"[['X', 'X', '-'], ['-', '-', 'O'], ['-', 'O', 'O']]","[{'cell': (1, 0), 'value': -0.05}]"
"[['-', '-', 'X'], ['-', '-', '-'], ['-', '-', 'O']]","[{'cell': (2, 1), 'value': 0.0}]"
"[['O', 'O', 'X'], ['X', 'X', '-'], ['-', '-', 'O']]","[{'cell': (1, 2), 'value': 0.1}]"
"[['X', '-', 'O'], ['-', '-', '-'], ['-', 'O', 'X']]","[{'cell': (1, 2), 'value': 0.1}]"
"[['O', 'O', '-'], ['X', '-', '-'], ['-', '-', '-']]","[{'cell': (2, 1), 'value': 0.0}]"
"[['O', 'O', 'X'], ['X', 'O', '-'], ['-', '-', '-']]","[{'cell': (2, 2), 'value': -0.05}]"
"[['X', '-', '-'], ['O', '-', 'O'], ['-', '-', '-']]","[{'cell': (2, 2), 'value': -0.05}]"
"[['X', '-', 'O'], ['O', '-', 'O'], ['X', '-', '-']]","[{'cell': (2, 1), 'value': -0.05}, {'cell': (2, 2), 'value': -0.05}]"
"[['X', 'O', 'O'], ['O', '-', 'O'], ['X', '-', 'X']]","[{'cell': (2, 1), 'value': 0.1}, {'cell': (1, 1), 'value': 0.1}]"
"[['-', '-', 'O'], ['-', 'O', 'X'], ['-', 'O', 'X']]","[{'cell': (2, 0), 'value': -0.05}]"
"[['X', '-', 'O'], ['O', 'O', 'X'], ['-', 'O', 'X']]","[{'cell': (2, 0), 'value': -0.05}]"
"[['-', '-', '-'], ['X', 'O', 'O'], ['-', '-', '-']]","[{'cell': (2, 2), 'value': 0.0}]"
"[['-', 'X', 'O'], ['X', 'O', 'O'], ['-', '-', '-']]","[{'cell': (2, 1), 'value': -0.05}]"
"[['O', '-', 'X'], ['-', '-', '-'], ['-', '-', 'O']]","[{'cell': (1, 2), 'value': -0.05}]"
"[['O', '-', 'X'], ['O', '-', '-'], ['X', '-', 'O']]","[{'cell': (2, 1), 'value': 0.1}]"
"[['-', '-', '-'], ['O', 'X', 'O'], ['-', '-', 'X']]","[{'cell': (2, 0), 'value': 0.1}]"
"[['O', '-', '-'], ['-', 'O', 'X'], ['-', '-', '-']]","[{'cell': (2, 1), 'value': 0.0}]"
"[['O', 'O', '-'], ['-', 'O', 'X'], ['-', '-', 'X']]","[{'cell': (2, 1), 'value': 0.1}]"
"[['-', 'O', '-'], ['-', '-', '-'], ['X', 'O', '-']]","[{'cell': (2, 2), 'value': 0.0}]"
"[['-', 'O', '-'], ['-', 'X', '-'], ['X', 'O', 'O']]","[{'cell': (1, 0), 'value': 0.1}]"
"[['-', 'O', '-'], ['-', 'O', '-'], ['X', '-', '-']]","[{'cell': (2, 1), 'value': -0.05}]"
"[['-', 'O', '-'], ['O', 'O', 'X'], ['X', '-', '-']]","[{'cell': (2, 2), 'value': -0.05}]"
"[['-', '-', '-'], ['-', 'X', '-'], ['O', '-', 'O']]","[{'cell': (2, 1), 'value': -0.05}]"
"[['-', 'O', 'X'], ['-', 'X', '-'], ['O', '-', 'O']]","[{'cell': (2, 1), 'value': -0.05}]"
"[['-', 'O', 'O'], ['-', 'X', '-'], ['X', '-', '-']]","[{'cell': (2, 1), 'value': -0.05}]"
"[['-', 'O', 'O'], ['X', 'X', '-'], ['X', '-', 'O']]","[{'cell': (2, 1), 'value': 0.1}]"
"[['-', '-', '-'], ['-', 'X', '-'], ['-', 'O', 'O']]","[{'cell': (2, 0), 'value': -0.05}]"
"[['-', '-', '-'], ['O', 'X', 'X'], ['-', 'O', 'O']]","[{'cell': (0, 2), 'value': 0.0}]"
"[['-', 'O', '-'], ['O', 'X', 'X'], ['X', 'O', 'O']]","[{'cell': (0, 2), 'value': 0.1}]"
"[['X', '-', 'O'], ['-', '-', '-'], ['-', '-', 'O']]","[{'cell': (2, 1), 'value': 0.0}]"
"[['-', '-', 'O'], ['-', '-', '-'], ['O', 'X', '-']]","[{'cell': (2, 2), 'value': 0.0}]"
"[['-', '-', 'O'], ['O', 'X', '-'], ['O', 'X', '-']]","[{'cell': (1, 2), 'value': 0.1}]"
"[['-', '-', '-'], ['-', 'X', '-'], ['-', 'O', '-']]","[{'cell': (2, 2), 'value': 0.0}, {'cell': (2, 0), 'value': 0.0}]"
"[['-', '-', '-'], ['-', 'X', 'X'], ['O', 'O', '-']]","[{'cell': (1, 0), 'value': -0.05}, {'cell': (2, 2), 'value': -0.05}]"
"[['O', '-', 'X'], ['-', 'X', 'X'], ['O', 'O', '-']]","[{'cell': (0, 1), 'value': 0.1}]"
"[['X', 'O', 'O'], ['-', '-', '-'], ['-', '-', '-']]","[{'cell': (2, 2), 'value': 0.0}]"
"[['X', 'O', 'O'], ['-', 'X', 'O'], ['-', '-', '-']]","[{'cell': (2, 2), 'value': -0.05}]"
"[['X', 'O', 'O'], ['O', 'X', 'O'], ['X', '-', '-']]","[{'cell': (2, 1), 'value': -0.05}]"
"[['O', '-', 'X'], ['-', '-', '-'], ['O', '-', '-']]","[{'cell': (2, 2), 'value': -0.05}]"
"[['O', '-', 'X'], ['-', '-', 'X'], ['O', '-', 'O']]","[{'cell': (2, 1), 'value': -0.05}]"
"[['-', 'X', '-'], ['-', '-', 'O'], ['X', 'O', '-']]","[{'cell': (2, 2), 'value': 0.0}]"
"[['X', 'X', 'O'], ['-', '-', 'O'], ['X', 'O', '-']]","[{'cell': (1, 0), 'value': -0.05}]"
"[['-', 'X', '-'], ['-', '-', 'O'], ['O', '-', '-']]","[{'cell': (2, 2), 'value': 0.0}]"
"[['O', 'X', 'X'], ['-', '-', 'O'], ['O', '-', '-']]","[{'cell': (2, 1), 'value': 0.0}]"
"[['O', 'X', 'X'], ['X', '-', 'O'], ['O', '-', 'O']]","[{'cell': (2, 1), 'value': -0.05}]"
"[['-', '-', '-'], ['X', '-', '-'], ['-', 'O', '-']]","[{'cell': (2, 0), 'value': 0.0}, {'cell': (2, 2), 'value': 0.0}, {'cell': (1, 2), 'value': 0.0}]"
"[['-', 'X', '-'], ['X', '-', '-'], ['O', 'O', '-']]","[{'cell': (2, 2), 'value': -0.05}]"
"[['-', '-', 'O'], ['O', '-', '-'], ['X', 'X', 'O']]","[{'cell': (1, 2), 'value': -0.05}]"
"[['O', 'X', 'O'], ['O', '-', '-'], ['X', 'X', 'O']]","[{'cell': (1, 1), 'value': 0.1}]"
"[['-', 'X', 'X'], ['-', '-', '-'], ['O', 'O', '-']]","[{'cell': (2, 2), 'value': -0.05}]"
"[['O', 'X', 'X'], ['-', 'X', '-'], ['O', 'O', '-']]","[{'cell': (2, 2), 'value': -0.05}]"
"[['-', '-', 'X'], ['-', '-', 'X'], ['O', 'O', '-']]","[{'cell': (1, 1), 'value': -0.05}]"
"[['-', '-', 'O'], ['O', 'X', '-'], ['X', '-', '-']]","[{'cell': (2, 1), 'value': 0.0}]"
"[['-', '-', 'O'], ['O', 'X', 'O'], ['X', '-', 'X']]","[{'cell': (0, 0), 'value': 0.0}]"
"[['O', 'X', 'O'], ['O', 'X', 'O'], ['X', '-', 'X']]","[{'cell': (2, 1), 'value': 0.1}]"
"[['X', '-', 'X'], ['-', '-', '-'], ['O', '-', 'O']]","[{'cell': (2, 1), 'value': 0.1}]"
"[['-', '-', '-'], ['X', '-', 'O'], ['-', '-', 'O']]","[{'cell': (2, 0), 'value': -0.05}]"
"[['O', '-', 'X'], ['-', 'O', '-'], ['-', '-', '-']]","[{'cell': (2, 2), 'value': -0.05}]"
"[['-', '-', 'O'], ['O', '-', '-'], ['X', '-', 'X']]","[{'cell': (2, 1), 'value': 0.0}]"
"[['-', 'X', 'O'], ['O', '-', 'O'], ['X', '-', 'X']]","[{'cell': (1, 1), 'value': -0.05}]"
"[['-', '-', 'X'], ['-', '-', '-'], ['O', '-', 'O']]","[{'cell': (2, 1), 'value': -0.05}]"
"[['X', '-', 'X'], ['-', 'O', '-'], ['O', '-', 'O']]","[{'cell': (2, 1), 'value': -0.05}]"
"[['X', 'O', 'X'], ['-', 'O', 'X'], ['O', '-', 'O']]","[{'cell': (2, 1), 'value': 0.0}]"
"[['X', '-', '-'], ['-', '-', '-'], ['-', 'O', '-']]","[{'cell': (2, 2), 'value': 0.0}]"
"[['X', '-', 'X'], ['-', '-', 'O'], ['-', 'O', '-']]","[{'cell': (1, 1), 'value': 0.0}]"
"[['X', 'O', 'X'], ['-', '-', 'O'], ['-', 'O', 'X']]","[{'cell': (2, 0), 'value': -0.05}, {'cell': (1, 1), 'value': -0.05}]"
"[['X', 'O', '-'], ['-', '-', 'X'], ['-', '-', 'O']]","[{'cell': (2, 0), 'value': 0.0}]"
"[['X', 'O', '-'], ['O', '-', 'X'], ['-', 'X', 'O']]","[{'cell': (0, 2), 'value': 0.0}]"
"[['O', 'X', '-'], ['-', '-', 'X'], ['-', 'O', 'O']]","[{'cell': (1, 0), 'value': -0.05}]"
"[['O', 'X', 'O'], ['-', 'X', 'X'], ['-', 'O', 'O']]","[{'cell': (1, 0), 'value': 0.1}]"
"[['-', '-', '-'], ['-', 'O', '-'], ['X', 'X', 'O']]","[{'cell': (0, 2), 'value': -0.05}]"
"[['-', 'O', '-'], ['X', 'O', '-'], ['X', 'X', 'O']]","[{'cell': (1, 2), 'value': -0.05}]"
"[['-', 'X', '-'], ['-', '-', '-'], ['-', '-', 'O']]","[{'cell': (2, 1), 'value': 0.0}, {'cell': (2, 0), 'value': 0.0}]"
"[['X', 'X', 'O'], ['-', '-', '-'], ['-', '-', 'O']]","[{'cell': (1, 2), 'value': -0.05}]"
"[['X', 'X', 'O'], ['-', '-', '-'], ['X', 'O', 'O']]","[{'cell': (1, 2), 'value': -0.05}]"
"[['X', 'X', 'O'], ['O', 'X', '-'], ['X', 'O', 'O']]","[{'cell': (1, 2), 'value': 0.0}]"
"[['-', '-', '-'], ['-', '-', '-'], ['O', 'X', '-']]","[{'cell': (2, 2), 'value': 0.0}]"
"[['-', '-', '-'], ['O', '-', 'X'], ['O', 'X', '-']]","[{'cell': (2, 2), 'value': -0.05}]"
"[['-', '-', 'X'], ['O', '-', 'X'], ['O', 'X', 'O']]","[{'cell': (0, 0), 'value': -0.05}]"
"[['-', 'X', 'X'], ['O', 'O', 'X'], ['O', 'X', 'O']]","[{'cell': (0, 0), 'value': 0.1}]"
"[['-', '-', 'X'], ['-', '-', 'O'], ['-', '-', 'O']]","[{'cell': (2, 0), 'value': 0.0}, {'cell': (2, 1), 'value': 0.0}]"
"[['-', '-', 'X'], ['-', '-', 'O'], ['O', 'X', 'O']]","[{'cell': (1, 1), 'value': 0.0}]"
"[['X', 'O', 'X'], ['-', '-', 'O'], ['O', 'X', 'O']]","[{'cell': (1, 0), 'value': 0.0}]"
"[['-', 'O', 'X'], ['-', '-', '-'], ['-', 'O', '-']]","[{'cell': (2, 2), 'value': -0.05}]"
"[['-', 'O', 'X'], ['-', '-', 'O'], ['X', 'O', '-']]","[{'cell': (1, 0), 'value': 0.1}]"
"[['-', '-', '-'], ['-', '-', '-'], ['O', 'X', 'O']]","[{'cell': (1, 2), 'value': 0.0}]"
"[['O', 'X', '-'], ['-', '-', '-'], ['O', 'X', 'O']]","[{'cell': (1, 1), 'value': -0.05}]"
"[['-', '-', 'X'], ['X', '-', '-'], ['-', 'O', 'O']]","[{'cell': (2, 0), 'value': -0.05}]"
"[['-', 'O', '-'], ['-', '-', 'X'], ['X', 'O', '-']]","[{'cell': (2, 2), 'value': -0.05}, {'cell': (1, 1), 'value': -0.095}]"
"[['-', 'O', 'O'], ['-', 'X', 'X'], ['X', 'O', '-']]","[{'cell': (0, 0), 'value': 0.1}]"
"[['O', 'O', '-'], ['X', '-', 'O'], ['-', 'X', '-']]","[{'cell': (2, 2), 'value': -0.05}]"
"[['-', '-', 'X'], ['O', '-', '-'], ['-', '-', '-']]","[{'cell': (2, 2), 'value': 0.0}, {'cell': (2, 1), 'value': 0.0}]"
"[['X', 'O', 'X'], ['O', '-', '-'], ['-', '-', '-']]","[{'cell': (2, 1), 'value': 0.0}]"
"[['-', '-', 'O'], ['X', '-', '-'], ['O', 'X', '-']]","[{'cell': (2, 2), 'value': 0.0}]"
"[['-', 'O', 'O'], ['X', 'X', '-'], ['O', 'X', '-']]","[{'cell': (0, 0), 'value': 0.1}]"
"[['-', '-', 'X'], ['-', 'O', 'O'], ['O', '-', 'X']]","[{'cell': (1, 0), 'value': -0.05}, {'cell': (2, 1), 'value': -0.05}]"
"[['X', '-', 'O'], ['-', '-', '-'], ['-', 'O', '-']]","[{'cell': (2, 2), 'value': 0.0}]"
"[['X', 'O', 'O'], ['X', '-', '-'], ['-', 'O', '-']]","[{'cell': (2, 2), 'value': -0.05}]"
"[['X', 'O', 'O'], ['X', 'X', '-'], ['-', 'O', 'O']]","[{'cell': (2, 0), 'value': 0.1}]"
"[['-', '-', 'O'], ['O', '-', 'X'], ['-', '-', '-']]","[{'cell': (2, 1), 'value': 0.0}, {'cell': (2, 2), 'value': 0.0}]"
"[['-', '-', 'O'], ['O', '-', 'X'], ['O', '-', 'X']]","[{'cell': (2, 1), 'value': -0.05}]"
"[['O', '-', '-'], ['-', '-', 'O'], ['-', 'X', 'X']]","[{'cell': (2, 0), 'value': 0.0}]"
"[['O', '-', 'X'], ['-', 'O', 'O'], ['-', 'X', 'X']]","[{'cell': (0, 1), 'value': 0.1}]"
"[['-', 'X', '-'], ['-', '-', 'O'], ['-', '-', 'O']]","[{'cell': (2, 0), 'value': -0.05}]"
"[['X', 'X', '-'], ['O', '-', 'O'], ['-', '-', 'O']]","[{'cell': (1, 1), 'value': -0.05}]"
"[['X', 'X', '-'], ['O', '-', 'O'], ['X', 'O', 'O']]","[{'cell': (1, 1), 'value': -0.05}]"
"[['-', '-', 'X'], ['-', 'O', '-'], ['-', '-', '-']]","[{'cell': (2, 2), 'value': 0.0}]"
"[['-', '-', 'X'], ['X', 'O', '-'], ['O', '-', '-']]","[{'cell': (2, 2), 'value': 0.0}, {'cell': (1, 2), 'value': 0.0}]"
"[['-', 'O', 'X'], ['X', 'O', 'X'], ['O', '-', '-']]","[{'cell': (2, 2), 'value': 0.0}]"
"[['-', '-', 'O'], ['X', 'X', 'O'], ['O', '-', 'X']]","[{'cell': (2, 1), 'value': 0.1}]"
"[['O', '-', '-'], ['-', '-', '-'], ['X', 'O', '-']]","[{'cell': (1, 2), 'value': 0.0}]"
"[['O', 'O', 'X'], ['O', '-', '-'], ['X', 'O', 'X']]","[{'cell': (1, 2), 'value': 0.1}, {'cell': (1, 1), 'value': 0.1}]"
"[['X', '-', '-'], ['X', '-', 'O'], ['-', 'O', '-']]","[{'cell': (2, 2), 'value': 0.0}]"
"[['X', '-', '-'], ['X', 'X', 'O'], ['O', 'O', '-']]","[{'cell': (0, 2), 'value': 0.1}]"
"[['-', 'X', '-'], ['O', '-', '-'], ['X', '-', 'O']]","[{'cell': (1, 2), 'value': 0.0}]"
"[['-', 'X', 'X'], ['O', '-', 'O'], ['X', '-', 'O']]","[{'cell': (2, 1), 'value': 0.1}]"
"[['-', '-', 'O'], ['X', 'O', '-'], ['X', 'O', '-']]","[{'cell': (2, 2), 'value': -0.05}]"
"[['O', '-', 'O'], ['X', 'O', 'X'], ['X', 'O', '-']]","[{'cell': (2, 2), 'value': -0.05}]"
"[['X', '-', 'X'], ['O', '-', '-'], ['O', '-', '-']]","[{'cell': (2, 1), 'value': 0.0}, {'cell': (2, 2), 'value': 0.0}]"
"[['X', '-', 'X'], ['O', 'O', 'X'], ['O', '-', '-']]","[{'cell': (2, 1), 'value': 0.1}, {'cell': (0, 1), 'value': 0.1}, {'cell': (2, 2), 'value': 0.09}]"
"[['-', '-', 'O'], ['X', '-', 'O'], ['-', '-', '-']]","[{'cell': (2, 2), 'value': -0.05}]"
"[['O', '-', 'O'], ['X', '-', 'O'], ['-', 'X', '-']]","[{'cell': (2, 2), 'value': -0.05}]"
"[['O', 'X', 'O'], ['X', '-', 'O'], ['O', 'X', '-']]","[{'cell': (2, 2), 'value': -0.05}]"
"[['-', '-', 'O'], ['X', '-', 'O'], ['X', 'O', '-']]","[{'cell': (2, 2), 'value': 0.1}]"
"[['-', '-', 'O'], ['-', 'X', '-'], ['-', '-', 'O']]","[{'cell': (2, 0), 'value': -0.05}]"
"[['-', '-', 'O'], ['-', 'O', '-'], ['X', '-', '-']]","[{'cell': (2, 2), 'value': 0.0}]"
"[['-', 'O', 'O'], ['-', 'O', 'X'], ['X', '-', '-']]","[{'cell': (2, 2), 'value': -0.05}]"
"[['X', '-', 'X'], ['-', '-', 'O'], ['O', '-', 'O']]","[{'cell': (1, 1), 'value': -0.05}]"
"[['-', 'O', 'O'], ['-', 'O', '-'], ['X', 'X', '-']]","[{'cell': (1, 0), 'value': 0.1}]"
"[['-', 'X', 'O'], ['-', '-', 'X'], ['-', '-', 'O']]","[{'cell': (2, 0), 'value': 0.0}]"
"[['-', 'X', 'O'], ['X', 'O', 'X'], ['-', '-', 'O']]","[{'cell': (2, 1), 'value': -0.05}]"
"[['X', 'X', 'O'], ['X', 'O', 'X'], ['-', 'O', 'O']]","[{'cell': (2, 0), 'value': 0.19}]"
"[['O', '-', '-'], ['-', '-', '-'], ['-', 'O', 'X']]","[{'cell': (2, 0), 'value': 0.0}]"
"[['O', '-', '-'], ['X', 'O', 'X'], ['O', 'O', 'X']]","[{'cell': (0, 2), 'value': 0.1}]"
"[['-', 'X', '-'], ['-', '-', '-'], ['-', 'O', 'O']]","[{'cell': (2, 0), 'value': -0.05}]"
"[['-', 'X', '-'], ['X', '-', 'O'], ['-', 'O', 'O']]","[{'cell': (2, 0), 'value': -0.05}]"
"[['-', 'X', 'X'], ['X', 'O', 'O'], ['-', 'O', 'O']]","[{'cell': (0, 0), 'value': 0.1}]"
"[['-', '-', '-'], ['-', 'X', '-'], ['O', 'O', 'X']]","[{'cell': (1, 2), 'value': 0.0}]"
"[['-', 'O', '-'], ['X', 'X', '-'], ['O', 'O', 'X']]","[{'cell': (0, 0), 'value': 0.0}, {'cell': (1, 2), 'value': 0.1}]"
"[['O', 'O', 'X'], ['X', 'X', '-'], ['O', 'O', 'X']]","[{'cell': (1, 2), 'value': 0.1}]"
"[['-', '-', '-'], ['-', 'O', 'O'], ['X', '-', '-']]","[{'cell': (2, 1), 'value': -0.05}, {'cell': (2, 2), 'value': -0.095}]"
"[['O', '-', '-'], ['X', 'O', 'O'], ['X', 'O', 'X']]","[{'cell': (0, 2), 'value': -0.05}]"
"[['X', '-', '-'], ['O', '-', 'O'], ['X', 'O', '-']]","[{'cell': (2, 2), 'value': 0.0}]"
"[['X', 'O', '-'], ['O', 'X', 'O'], ['X', 'O', '-']]","[{'cell': (2, 2), 'value': 0.1}]"
"[['-', '-', 'X'], ['-', '-', '-'], ['O', 'O', 'X']]","[{'cell': (1, 1), 'value': 0.0}]"
"[['-', 'X', 'X'], ['O', '-', '-'], ['O', 'O', 'X']]","[{'cell': (1, 2), 'value': -0.05}]"
"[['-', 'X', 'X'], ['O', 'X', 'O'], ['O', 'O', 'X']]","[{'cell': (0, 0), 'value': 0.1}]"
"[['-', 'X', 'O'], ['-', '-', 'O'], ['-', 'X', '-']]","[{'cell': (2, 2), 'value': 0.1}]"
"[['-', 'O', 'O'], ['-', '-', 'X'], ['-', '-', 'X']]","[{'cell': (2, 0), 'value': -0.05}]"
"[['-', '-', '-'], ['O', '-', '-'], ['-', 'O', 'X']]","[{'cell': (2, 0), 'value': 0.0}]"
"[['-', '-', '-'], ['O', 'X', '-'], ['O', 'O', 'X']]","[{'cell': (0, 2), 'value': -0.05}]"
"[['-', 'O', '-'], ['O', 'X', 'X'], ['O', 'O', 'X']]","[{'cell': (0, 2), 'value': 0.1}]"
"[['-', '-', '-'], ['X', '-', 'O'], ['-', 'O', 'X']]","[{'cell': (2, 0), 'value': 0.0}]"
"[['-', '-', 'O'], ['X', 'X', 'O'], ['-', 'O', 'X']]","[{'cell': (0, 1), 'value': 0.1}]"
"[['X', '-', '-'], ['-', '-', 'X'], ['-', 'O', 'O']]","[{'cell': (2, 0), 'value': -0.05}]"
"[['X', 'X', '-'], ['O', '-', 'X'], ['-', 'O', 'O']]","[{'cell': (1, 1), 'value': 0.1}]"
"[['O', 'X', '-'], ['O', '-', '-'], ['-', '-', '-']]","[{'cell': (2, 1), 'value': -0.05}, {'cell': (2, 0), 'value': -0.095}]"
"[['O', 'X', '-'], ['O', 'O', '-'], ['-', '-', 'X']]","[{'cell': (2, 0), 'value': -0.05}]"
"[['-', '-', '-'], ['-', 'O', 'O'], ['-', 'X', 'X']]","[{'cell': (2, 0), 'value': -0.05}]"
"[['-', 'O', '-'], ['-', '-', 'O'], ['X', 'X', '-']]","[{'cell': (2, 2), 'value': 0.0}]"
"[['-', 'O', '-'], ['X', 'O', 'O'], ['X', 'X', '-']]","[{'cell': (0, 0), 'value': 0.1}]"
"[['-', '-', 'X'], ['-', '-', 'O'], ['O', '-', '-']]","[{'cell': (2, 1), 'value': 0.0}, {'cell': (1, 1), 'value': 0.0}]"
"[['X', '-', 'X'], ['-', 'O', 'O'], ['O', 'O', 'X']]","[{'cell': (0, 1), 'value': 0.1}]"
"[['-', '-', 'O'], ['-', '-', 'X'], ['X', 'O', '-']]","[{'cell': (2, 2), 'value': 0.0}]"
"[['-', 'X', 'O'], ['-', '-', 'X'], ['X', 'O', 'O']]","[{'cell': (1, 0), 'value': 0.0}]"
"[['X', 'X', 'O'], ['-', 'O', 'X'], ['X', 'O', 'O']]","[{'cell': (1, 0), 'value': 0.1}]"
"[['-', '-', 'X'], ['O', '-', 'O'], ['O', '-', 'X']]","[{'cell': (2, 1), 'value': -0.05}]"
"[['X', '-', 'X'], ['O', '-', 'O'], ['O', 'O', 'X']]","[{'cell': (0, 1), 'value': 0.1}]"
"[['-', 'X', 'O'], ['-', '-', '-'], ['-', '-', '-']]","[{'cell': (2, 2), 'value': 0.0}]"
"[['-', 'X', 'O'], ['-', 'X', 'O'], ['-', '-', '-']]","[{'cell': (2, 2), 'value': -0.05}]"
"[['-', 'X', 'O'], ['O', 'X', 'O'], ['X', '-', '-']]","[{'cell': (2, 2), 'value': -0.05}]"
"[['-', '-', 'O'], ['O', '-', 'X'], ['X', '-', 'O']]","[{'cell': (0, 1), 'value': 0.0}]"
"[['-', 'O', 'O'], ['O', '-', 'X'], ['X', 'X', 'O']]","[{'cell': (1, 1), 'value': -0.05}]"
"[['-', 'O', '-'], ['-', '-', 'X'], ['O', '-', '-']]","[{'cell': (2, 2), 'value': 0.0}]"
"[['-', 'O', '-'], ['X', 'O', 'X'], ['O', '-', '-']]","[{'cell': (2, 2), 'value': -0.05}]"
"[['-', 'X', '-'], ['-', 'O', '-'], ['-', '-', '-']]","[{'cell': (2, 1), 'value': 0.0}, {'cell': (2, 2), 'value': 0.0}]"
"[['-', 'X', 'X'], ['-', 'O', '-'], ['O', '-', '-']]","[{'cell': (2, 2), 'value': 0.1}]"
"[['-', '-', 'O'], ['X', '-', '-'], ['X', 'O', '-']]","[{'cell': (1, 2), 'value': 0.0}]"
"[['-', '-', 'O'], ['X', 'O', '-'], ['X', 'O', 'X']]","[{'cell': (0, 0), 'value': -0.05}]"
"[['X', 'O', 'X'], ['O', '-', '-'], ['-', 'O', 'X']]","[{'cell': (1, 2), 'value': -0.05}]"
"[['-', 'O', '-'], ['-', '-', '-'], ['-', 'O', 'X']]","[{'cell': (1, 2), 'value': -0.05}]"
"[['X', 'O', '-'], ['O', '-', '-'], ['-', 'O', 'X']]","[{'cell': (1, 1), 'value': -0.05}]"
"[['X', 'O', '-'], ['O', '-', 'X'], ['O', 'O', 'X']]","[{'cell': (1, 1), 'value': 0.1}]"
"[['-', '-', '-'], ['-', 'O', 'O'], ['-', '-', 'X']]","[{'cell': (2, 0), 'value': -0.05}]"
"[['-', 'O', '-'], ['-', 'O', 'O'], ['-', 'X', 'X']]","[{'cell': (0, 2), 'value': 0.1}]"
"[['-', '-', 'O'], ['-', '-', '-'], ['X', '-', '-']]","[{'cell': (2, 2), 'value': 0.0}, {'cell': (2, 1), 'value': 0.0}]"
"[['-', 'O', 'O'], ['X', '-', '-'], ['X', '-', '-']]","[{'cell': (2, 2), 'value': -0.05}]"
"[['X', 'O', 'X'], ['-', '-', '-'], ['O', 'O', '-']]","[{'cell': (2, 2), 'value': -0.05}]"
"[['X', 'O', 'X'], ['-', 'X', 'O'], ['O', 'O', '-']]","[{'cell': (2, 2), 'value': 0.1}]"
"[['X', 'O', '-'], ['-', 'O', '-'], ['-', '-', '-']]","[{'cell': (2, 0), 'value': 0.0}]"
"[['X', 'O', 'O'], ['-', 'O', '-'], ['-', 'X', '-']]","[{'cell': (2, 0), 'value': -0.05}]"
"[['X', 'O', 'O'], ['O', 'O', '-'], ['-', 'X', 'X']]","[{'cell': (2, 0), 'value': 0.1}]"
"[['-', 'O', '-'], ['X', '-', 'X'], ['-', 'O', '-']]","[{'cell': (1, 1), 'value': -0.05}]"
"[['-', 'O', '-'], ['X', '-', 'X'], ['X', 'O', 'O']]","[{'cell': (0, 0), 'value': -0.05}]"
"[['O', 'O', 'X'], ['X', '-', 'X'], ['X', 'O', 'O']]","[{'cell': (1, 1), 'value': 0.1}]"
"[['X', '-', 'X'], ['-', 'O', 'O'], ['-', '-', '-']]","[{'cell': (2, 1), 'value': -0.05}]"
"[['X', 'O', 'X'], ['-', 'O', 'O'], ['-', '-', 'X']]","[{'cell': (2, 0), 'value': -0.05}]"
"[['X', '-', '-'], ['-', 'O', '-'], ['-', '-', '-']]","[{'cell': (2, 1), 'value': 0.0}, {'cell': (2, 2), 'value': 0.0}]"
"[['X', 'X', '-'], ['O', 'O', '-'], ['-', '-', '-']]","[{'cell': (2, 0), 'value': -0.05}]"
"[['X', 'X', '-'], ['O', 'O', '-'], ['-', 'O', 'X']]","[{'cell': (2, 0), 'value': 0.1}]"
"[['-', '-', 'O'], ['X', '-', '-'], ['O', '-', '-']]","[{'cell': (2, 1), 'value': -0.05}]"
"[['-', 'O', 'O'], ['X', '-', '-'], ['O', '-', 'X']]","[{'cell': (2, 1), 'value': -0.05}]"
"[['-', 'X', '-'], ['X', 'O', '-'], ['-', '-', 'O']]","[{'cell': (1, 2), 'value': -0.05}, {'cell': (2, 1), 'value': 0.0}]"
"[['O', '-', '-'], ['-', '-', 'O'], ['-', '-', 'X']]","[{'cell': (2, 1), 'value': 0.0}]"
"[['O', '-', '-'], ['O', 'X', 'O'], ['-', '-', 'X']]","[{'cell': (2, 0), 'value': -0.05}]"
"[['O', '-', 'O'], ['O', 'X', 'O'], ['-', 'X', 'X']]","[{'cell': (0, 1), 'value': 0.1}]"
"[['-', '-', '-'], ['O', 'X', '-'], ['X', 'O', '-']]","[{'cell': (2, 2), 'value': 0.0}]"
"[['-', 'X', 'O'], ['O', 'X', '-'], ['X', 'O', '-']]","[{'cell': (0, 0), 'value': 0.0}]"
"[['O', 'X', 'O'], ['O', 'X', '-'], ['X', 'O', 'X']]","[{'cell': (1, 2), 'value': 0.0}]"
"[['O', 'X', 'O'], ['-', '-', '-'], ['-', '-', '-']]","[{'cell': (2, 1), 'value': 0.0}]"
"[['O', 'X', 'O'], ['-', '-', 'O'], ['-', '-', 'X']]","[{'cell': (2, 0), 'value': 0.0}]"
"[['O', 'X', 'O'], ['O', 'X', 'O'], ['-', '-', 'X']]","[{'cell': (2, 0), 'value': 0.0}]"
"[['-', '-', 'X'], ['-', 'X', '-'], ['-', 'O', 'O']]","[{'cell': (1, 2), 'value': 0.1}]"
"[['-', 'O', '-'], ['O', '-', 'X'], ['-', 'O', 'X']]","[{'cell': (2, 0), 'value': 0.1}]"
"[['-', '-', '-'], ['O', 'X', '-'], ['-', '-', 'O']]","[{'cell': (2, 0), 'value': 0.0}]"
"[['-', 'X', 'O'], ['O', 'X', '-'], ['-', '-', 'O']]","[{'cell': (2, 1), 'value': 0.0}]"
"[['-', 'X', 'O'], ['O', 'X', 'X'], ['-', 'O', 'O']]","[{'cell': (2, 0), 'value': 0.0}]"
"[['O', '-', 'X'], ['X', '-', '-'], ['O', '-', '-']]","[{'cell': (2, 2), 'value': 0.0}]"
"[['O', 'X', 'X'], ['X', '-', 'O'], ['O', '-', '-']]","[{'cell': (2, 1), 'value': 0.0}]"
"[['O', 'X', 'X'], ['X', '-', 'O'], ['O', 'O', 'X']]","[{'cell': (1, 1), 'value': 0.0}]"
"[['-', '-', '-'], ['-', 'O', '-'], ['X', '-', '-']]","[{'cell': (2, 1), 'value': 0.0}]"
"[['-', 'O', '-'], ['-', 'O', '-'], ['X', '-', 'X']]","[{'cell': (2, 1), 'value': -0.05}]"
"[['X', '-', 'O'], ['-', '-', 'O'], ['-', '-', 'X']]","[{'cell': (2, 1), 'value': 0.0}]"
"[['X', '-', 'O'], ['O', '-', 'O'], ['X', '-', 'X']]","[{'cell': (2, 1), 'value': -0.05}]"
"[['X', 'X', 'O'], ['O', '-', 'O'], ['X', 'O', 'X']]","[{'cell': (1, 1), 'value': 0.1}]"
"[['-', '-', '-'], ['O', '-', '-'], ['-', 'X', '-']]","[{'cell': (2, 2), 'value': 0.0}]"
"[['O', '-', 'X'], ['O', '-', 'X'], ['-', 'X', 'O']]","[{'cell': (2, 0), 'value': -0.05}]"
"[['X', '-', '-'], ['-', 'X', '-'], ['O', 'O', '-']]","[{'cell': (1, 2), 'value': 0.1}]"
"[['-', '-', 'O'], ['-', '-', '-'], ['O', '-', 'X']]","[{'cell': (2, 1), 'value': -0.05}, {'cell': (1, 2), 'value': -0.095}]"
"[['-', 'X', 'O'], ['O', '-', '-'], ['O', '-', 'X']]","[{'cell': (1, 2), 'value': -0.05}]"
"[['-', 'X', 'O'], ['-', '-', '-'], ['O', '-', '-']]","[{'cell': (2, 2), 'value': -0.05}]"
"[['X', 'X', 'O'], ['O', '-', '-'], ['O', '-', '-']]","[{'cell': (2, 1), 'value': 0.0}]"
"[['X', 'X', 'O'], ['O', 'X', 'O'], ['O', '-', '-']]","[{'cell': (2, 2), 'value': 0.1}]"
"[['-', '-', 'X'], ['O', '-', 'X'], ['O', '-', '-']]","[{'cell': (2, 1), 'value': 0.1}]"
"[['X', '-', 'X'], ['-', '-', '-'], ['O', 'O', '-']]","[{'cell': (1, 2), 'value': 0.1}]"
"[['-', 'O', '-'], ['-', 'X', 'X'], ['-', '-', 'O']]","[{'cell': (2, 0), 'value': 0.1}]"
"[['-', '-', '-'], ['-', 'X', '-'], ['O', '-', '-']]","[{'cell': (2, 1), 'value': 0.0}, {'cell': (2, 2), 'value': 0.0}]"
"[['-', '-', '-'], ['X', 'X', '-'], ['O', '-', 'O']]","[{'cell': (2, 1), 'value': 0.1}]"
"[['-', 'X', '-'], ['O', 'X', 'X'], ['O', 'O', '-']]","[{'cell': (0, 2), 'value': -0.05}]"
"[['X', 'X', 'O'], ['-', '-', '-'], ['-', 'O', 'O']]","[{'cell': (2, 0), 'value': -0.05}]"
"[['-', 'O', 'O'], ['X', '-', 'X'], ['-', 'O', '-']]","[{'cell': (2, 0), 'value': -0.05}]"
"[['O', 'O', '-'], ['-', '-', '-'], ['-', 'X', '-']]","[{'cell': (2, 2), 'value': 0.0}]"
"[['O', 'O', '-'], ['-', 'X', '-'], ['O', 'X', '-']]","[{'cell': (1, 2), 'value': -0.05}]"
"[['-', 'O', '-'], ['-', '-', '-'], ['-', '-', 'X']]","[{'cell': (2, 0), 'value': 0.0}, {'cell': (2, 1), 'value': 0.0}]"
"[['-', 'O', '-'], ['-', 'X', 'O'], ['-', '-', 'X']]","[{'cell': (2, 1), 'value': 0.0}]"
"[['-', 'O', '-'], ['X', 'X', 'O'], ['-', 'O', 'X']]","[{'cell': (2, 0), 'value': 0.1}]"
"[['-', '-', 'X'], ['O', 'X', '-'], ['-', '-', 'O']]","[{'cell': (2, 0), 'value': 0.0}]"
"[['-', 'X', 'X'], ['O', 'X', 'O'], ['-', '-', 'O']]","[{'cell': (2, 0), 'value': 0.1}]"
"[['X', '-', '-'], ['O', '-', '-'], ['-', 'O', '-']]","[{'cell': (2, 0), 'value': 0.0}]"
"[['X', '-', '-'], ['O', '-', 'O'], ['-', 'O', 'X']]","[{'cell': (1, 1), 'value': -0.05}]"
"[['-', 'X', '-'], ['O', '-', '-'], ['-', '-', 'O']]","[{'cell': (2, 0), 'value': 0.0}]"
"[['O', 'X', '-'], ['O', 'X', '-'], ['-', '-', 'O']]","[{'cell': (2, 1), 'value': 0.0}]"
"[['O', 'X', '-'], ['O', 'X', '-'], ['X', 'O', 'O']]","[{'cell': (0, 2), 'value': 0.1}]"
"[['-', '-', '-'], ['-', 'O', 'X'], ['-', '-', 'O']]","[{'cell': (1, 0), 'value': -0.05}, {'cell': (2, 1), 'value': -0.05}]"
"[['-', '-', 'O'], ['-', 'O', 'X'], ['-', 'X', 'O']]","[{'cell': (0, 1), 'value': -0.05}]"
"[['-', 'O', 'O'], ['X', 'O', 'X'], ['-', 'X', 'O']]","[{'cell': (0, 0), 'value': -0.05}]"
"[['-', '-', 'X'], ['O', '-', 'O'], ['-', '-', '-']]","[{'cell': (2, 2), 'value': -0.05}]"
"[['X', '-', 'X'], ['O', '-', 'O'], ['-', '-', 'O']]","[{'cell': (2, 1), 'value': -0.05}]"
"[['X', 'O', 'X'], ['O', '-', 'O'], ['X', '-', 'O']]","[{'cell': (2, 1), 'value': -0.05}]"
"[['X', '-', 'O'], ['O', '-', 'X'], ['-', '-', 'O']]","[{'cell': (2, 0), 'value': 0.0}]"
"[['X', 'X', 'O'], ['O', 'O', 'X'], ['-', '-', 'O']]","[{'cell': (2, 0), 'value': 0.0}]"
"[['-', '-', 'X'], ['X', 'O', 'O'], ['O', '-', 'X']]","[{'cell': (2, 1), 'value': 0.0}]"
"[['X', 'O', 'X'], ['X', 'O', 'O'], ['O', '-', 'X']]","[{'cell': (2, 1), 'value': 0.0}]"
"[['-', '-', '-'], ['-', 'O', '-'], ['-', 'O', 'X']]","[{'cell': (2, 0), 'value': -0.05}]"
"[['-', '-', '-'], ['X', 'O', 'O'], ['-', 'O', 'X']]","[{'cell': (2, 0), 'value': -0.05}]"
"[['-', '-', 'X'], ['X', 'O', 'O'], ['O', 'O', 'X']]","[{'cell': (0, 0), 'value': -0.05}]"
"[['O', 'X', '-'], ['O', '-', '-'], ['-', '-', 'X']]","[{'cell': (2, 0), 'value': -0.05}]"
"[['O', 'X', '-'], ['O', '-', 'O'], ['-', 'X', 'X']]","[{'cell': (2, 0), 'value': 0.1}]"
"[['-', '-', '-'], ['X', '-', 'O'], ['-', 'X', 'O']]","[{'cell': (2, 0), 'value': 0.0}]"
"[['-', '-', 'X'], ['-', '-', '-'], ['O', '-', '-']]","[{'cell': (2, 2), 'value': 0.0}]"
"[['-', '-', 'X'], ['-', 'X', '-'], ['O', 'O', '-']]","[{'cell': (1, 0), 'value': -0.05}]"
"[['-', 'O', 'X'], ['-', 'X', 'X'], ['O', 'O', '-']]","[{'cell': (0, 0), 'value': 0.1}]"
"[['-', '-', '-'], ['-', 'O', '-'], ['X', '-', 'O']]","[{'cell': (1, 2), 'value': 0.0}]"
"[['X', '-', '-'], ['-', 'O', 'O'], ['X', '-', 'O']]","[{'cell': (2, 1), 'value': -0.05}]"
"[['X', 'X', '-'], ['-', 'O', 'O'], ['X', 'O', 'O']]","[{'cell': (1, 0), 'value': 0.1}]"
"[['X', '-', '-'], ['-', '-', 'O'], ['O', '-', '-']]","[{'cell': (2, 1), 'value': 0.0}]"
"[['X', '-', '-'], ['X', '-', 'O'], ['O', 'O', '-']]","[{'cell': (2, 2), 'value': -0.05}]"
"[['X', 'O', '-'], ['X', 'X', 'O'], ['O', 'O', '-']]","[{'cell': (2, 2), 'value': 0.1}]"
"[['-', '-', 'X'], ['O', '-', '-'], ['X', '-', 'O']]","[{'cell': (1, 2), 'value': 0.0}]"
"[['-', 'X', 'X'], ['O', '-', '-'], ['X', 'O', 'O']]","[{'cell': (1, 2), 'value': 0.1}]"
"[['-', '-', 'X'], ['-', '-', 'O'], ['-', '-', '-']]","[{'cell': (2, 2), 'value': 0.0}]"
"[['X', '-', 'X'], ['-', '-', 'O'], ['O', 'X', 'O']]","[{'cell': (1, 1), 'value': 0.0}]"
"[['X', '-', 'X'], ['X', 'O', 'O'], ['O', 'X', 'O']]","[{'cell': (0, 1), 'value': 0.1}]"
"[['-', '-', '-'], ['-', 'O', '-'], ['-', '-', 'X']]","[{'cell': (2, 1), 'value': 0.0}]"
"[['-', '-', '-'], ['-', 'O', 'O'], ['X', '-', 'X']]","[{'cell': (1, 0), 'value': -0.05}]"
"[['X', '-', '-'], ['-', 'O', 'O'], ['-', '-', '-']]","[{'cell': (2, 1), 'value': -0.05}]"
"[['X', '-', '-'], ['-', 'O', 'O'], ['-', 'O', 'X']]","[{'cell': (0, 2), 'value': -0.05}]"
"[['X', 'O', '-'], ['-', 'X', '-'], ['-', '-', 'O']]","[{'cell': (2, 1), 'value': 0.0}]"
"[['X', 'O', 'X'], ['-', 'X', '-'], ['-', 'O', 'O']]","[{'cell': (1, 0), 'value': -0.05}]"
"[['X', 'O', 'X'], ['O', 'X', 'X'], ['-', 'O', 'O']]","[{'cell': (2, 0), 'value': 0.1}]"
"[['X', 'X', '-'], ['X', 'O', '-'], ['O', '-', 'O']]","[{'cell': (2, 1), 'value': 0.1}]"
"[['-', 'O', 'X'], ['O', '-', '-'], ['-', '-', '-']]","[{'cell': (2, 2), 'value': 0.0}]"
"[['-', 'O', 'X'], ['O', '-', '-'], ['X', 'O', '-']]","[{'cell': (1, 1), 'value': -0.05}]"
"[['-', '-', '-'], ['O', 'O', 'X'], ['-', '-', '-']]","[{'cell': (2, 2), 'value': 0.0}]"
"[['X', '-', 'O'], ['O', 'O', 'X'], ['-', '-', '-']]","[{'cell': (2, 1), 'value': -0.05}]"
"[['-', '-', '-'], ['-', '-', 'O'], ['X', '-', '-']]","[{'cell': (2, 2), 'value': 0.0}]"
"[['-', '-', 'X'], ['-', '-', 'O'], ['X', '-', 'O']]","[{'cell': (2, 1), 'value': 0.0}]"
"[['-', 'X', 'X'], ['-', 'O', 'O'], ['X', '-', 'O']]","[{'cell': (1, 0), 'value': -0.05}]"
"[['-', '-', '-'], ['-', 'O', 'X'], ['O', '-', '-']]","[{'cell': (2, 1), 'value': 0.0}]"
"[['-', 'O', 'X'], ['-', 'O', 'X'], ['O', '-', '-']]","[{'cell': (2, 2), 'value': -0.05}]"
"[['-', 'O', '-'], ['-', 'O', 'X'], ['-', '-', '-']]","[{'cell': (2, 2), 'value': -0.05}]"
"[['-', '-', '-'], ['O', '-', 'O'], ['-', 'X', '-']]","[{'cell': (2, 2), 'value': 0.0}]"
"[['-', '-', 'O'], ['O', 'X', 'O'], ['-', 'X', '-']]","[{'cell': (2, 0), 'value': 0.1}]"
"[['-', 'O', '-'], ['X', '-', '-'], ['-', 'O', '-']]","[{'cell': (2, 2), 'value': -0.05}]"
"[['O', 'O', '-'], ['X', 'X', '-'], ['-', 'O', '-']]","[{'cell': (1, 2), 'value': -0.05}]"
"[['O', '-', 'X'], ['-', 'O', 'X'], ['-', '-', '-']]","[{'cell': (2, 1), 'value': -0.05}]"
"[['-', 'O', '-'], ['-', '-', '-'], ['O', 'X', '-']]","[{'cell': (2, 2), 'value': 0.0}]"
"[['-', 'O', '-'], ['O', 'X', '-'], ['O', 'X', '-']]","[{'cell': (0, 2), 'value': -0.05}]"
"[['O', '-', '-'], ['-', '-', '-'], ['X', '-', '-']]","[{'cell': (2, 2), 'value': 0.0}]"
"[['O', '-', '-'], ['X', '-', '-'], ['X', '-', 'O']]","[{'cell': (1, 1), 'value': -0.05}]"
"[['O', 'O', '-'], ['X', '-', 'X'], ['X', '-', 'O']]","[{'cell': (2, 1), 'value': -0.05}]"
"[['-', '-', 'O'], ['-', 'O', 'O'], ['X', 'X', '-']]","[{'cell': (2, 2), 'value': -0.05}]"
"[['X', 'O', '-'], ['O', 'X', '-'], ['-', '-', '-']]","[{'cell': (2, 2), 'value': 0.0}]"
"[['X', 'O', 'O'], ['O', 'X', 'X'], ['-', '-', '-']]","[{'cell': (2, 1), 'value': 0.0}]"
"[['X', 'O', 'O'], ['O', 'X', 'X'], ['X', '-', 'O']]","[{'cell': (2, 1), 'value': 0.0}]"
"[['-', '-', '-'], ['X', '-', 'O'], ['X', '-', 'O']]","[{'cell': (2, 1), 'value': -0.05}]"
"[['O', '-', '-'], ['X', 'X', 'O'], ['X', '-', 'O']]","[{'cell': (0, 2), 'value': -0.05}]"
"[['-', '-', 'X'], ['O', '-', '-'], ['-', 'O', '-']]","[{'cell': (2, 2), 'value': 0.0}]"
"[['-', 'X', 'X'], ['O', 'O', '-'], ['O', 'O', 'X']]","[{'cell': (1, 2), 'value': 0.1}]"
"[['-', 'X', 'O'], ['-', '-', 'X'], ['O', 'X', 'O']]","[{'cell': (1, 0), 'value': 0.1}, {'cell': (0, 0), 'value': 0.04000000000000001}]"
"[['-', 'X', '-'], ['O', 'O', '-'], ['-', '-', '-']]","[{'cell': (2, 2), 'value': -0.05}]"
"[['-', 'X', 'X'], ['O', 'O', '-'], ['-', 'O', '-']]","[{'cell': (2, 2), 'value': 0.0}]"
"[['O', 'X', 'X'], ['O', 'O', 'X'], ['-', 'O', '-']]","[{'cell': (2, 0), 'value': -0.05}]"
"[['O', 'X', 'O'], ['-', 'O', '-'], ['-', '-', 'X']]","[{'cell': (2, 1), 'value': -0.05}]"
"[['O', 'X', 'O'], ['O', 'O', 'X'], ['-', '-', 'X']]","[{'cell': (2, 1), 'value': -0.05}]"
"[['-', '-', '-'], ['X', 'X', 'O'], ['O', '-', '-']]","[{'cell': (2, 2), 'value': 0.0}]"
"[['X', 'O', '-'], ['X', 'X', 'O'], ['O', '-', '-']]","[{'cell': (2, 2), 'value': 0.0}]"
"[['X', 'O', 'O'], ['X', 'X', 'O'], ['O', 'X', '-']]","[{'cell': (2, 2), 'value': 0.1}]"
"[['O', '-', '-'], ['-', 'X', '-'], ['-', '-', '-']]","[{'cell': (2, 1), 'value': 0.0}, {'cell': (2, 2), 'value': 0.0}]"
"[['O', 'O', '-'], ['-', 'X', '-'], ['-', '-', 'X']]","[{'cell': (2, 1), 'value': -0.05}]"
"[['O', 'O', '-'], ['-', 'X', 'X'], ['-', 'O', 'X']]","[{'cell': (1, 0), 'value': 0.1}]"
"[['-', 'O', 'X'], ['X', '-', '-'], ['O', '-', 'O']]","[{'cell': (1, 1), 'value': 0.0}]"
"[['-', 'O', 'X'], ['X', '-', 'O'], ['O', 'X', 'O']]","[{'cell': (1, 1), 'value': 0.0}]"
"[['X', '-', 'O'], ['-', '-', 'O'], ['-', '-', '-']]","[{'cell': (2, 2), 'value': -0.05}]"
"[['X', '-', 'X'], ['O', 'O', 'X'], ['O', 'X', 'O']]","[{'cell': (0, 1), 'value': 0.1}]"
"[['X', 'O', 'O'], ['-', '-', '-'], ['O', 'X', '-']]","[{'cell': (1, 2), 'value': 0.0}]"
"[['X', 'O', 'O'], ['O', 'X', '-'], ['O', 'X', '-']]","[{'cell': (1, 2), 'value': 0.0}]"
"[['O', 'X', 'X'], ['-', 'O', '-'], ['-', '-', '-']]","[{'cell': (2, 1), 'value': 0.0}]"
"[['O', 'X', 'X'], ['-', 'O', '-'], ['-', 'O', 'X']]","[{'cell': (2, 0), 'value': 0.0}]"
"[['O', 'X', 'X'], ['X', 'O', 'O'], ['-', 'O', 'X']]","[{'cell': (2, 0), 'value': 0.0}]"
"[['-', 'O', '-'], ['-', '-', 'X'], ['-', 'O', '-']]","[{'cell': (2, 2), 'value': -0.05}]"
"[['-', 'O', '-'], ['X', '-', 'X'], ['O', 'O', '-']]","[{'cell': (2, 2), 'value': -0.05}]"
"[['-', 'X', '-'], ['O', '-', '-'], ['-', 'X', 'O']]","[{'cell': (2, 0), 'value': 0.0}]"
"[['O', 'X', 'X'], ['O', '-', '-'], ['-', 'X', 'O']]","[{'cell': (1, 2), 'value': -0.05}]"
"[['-', 'X', '-'], ['-', 'O', '-'], ['O', 'X', 'O']]","[{'cell': (1, 2), 'value': -0.05}]"
"[['X', 'X', '-'], ['-', 'O', 'O'], ['O', 'X', 'O']]","[{'cell': (1, 0), 'value': -0.05}]"
"[['-', '-', '-'], ['X', 'O', 'O'], ['-', '-', 'X']]","[{'cell': (0, 2), 'value': 0.0}]"
"[['-', '-', '-'], ['X', 'O', 'O'], ['X', 'O', 'X']]","[{'cell': (0, 0), 'value': -0.05}]"
"[['O', '-', 'X'], ['X', 'O', 'O'], ['X', 'O', 'X']]","[{'cell': (0, 1), 'value': 0.0}]"
"[['O', '-', '-'], ['X', '-', '-'], ['-', 'O', '-']]","[{'cell': (2, 0), 'value': 0.0}]"
"[['O', 'O', '-'], ['X', '-', '-'], ['-', 'O', 'X']]","[{'cell': (2, 0), 'value': -0.05}]"
"[['O', 'O', '-'], ['X', '-', 'X'], ['O', 'O', 'X']]","[{'cell': (0, 2), 'value': 0.1}]"
"[['-', 'X', '-'], ['-', '-', '-'], ['O', '-', '-']]","[{'cell': (2, 2), 'value': 0.0}]"
"[['X', 'X', '-'], ['-', '-', 'O'], ['O', '-', '-']]","[{'cell': (2, 1), 'value': 0.0}]"
"[['X', 'X', 'O'], ['-', 'X', 'O'], ['O', '-', '-']]","[{'cell': (2, 1), 'value': 0.1}]"
"[['-', '-', 'X'], ['-', '-', '-'], ['O', 'O', '-']]","[{'cell': (2, 2), 'value': -0.05}]"
"[['-', 'X', 'X'], ['-', '-', 'O'], ['O', 'O', '-']]","[{'cell': (2, 2), 'value': 0.1}]"
"[['O', '-', '-'], ['-', '-', '-'], ['-', 'X', 'O']]","[{'cell': (1, 1), 'value': -0.05}, {'cell': (2, 0), 'value': -0.05}]"
"[['O', '-', 'O'], ['-', '-', '-'], ['X', 'X', 'O']]","[{'cell': (1, 1), 'value': -0.05}]"
"[['-', 'O', '-'], ['-', '-', '-'], ['X', '-', '-']]","[{'cell': (2, 1), 'value': 0.0}]"
"[['-', 'O', '-'], ['-', '-', 'X'], ['X', '-', 'O']]","[{'cell': (2, 1), 'value': 0.0}]"
"[['-', 'O', '-'], ['-', 'X', 'X'], ['X', 'O', 'O']]","[{'cell': (0, 0), 'value': 0.1}]"
"[['O', 'O', 'X'], ['-', 'X', '-'], ['-', '-', '-']]","[{'cell': (2, 2), 'value': 0.0}]"
"[['O', 'O', 'X'], ['-', 'X', 'O'], ['-', 'X', '-']]","[{'cell': (2, 2), 'value': 0.0}]"
"[['O', 'O', 'X'], ['X', 'X', 'O'], ['-', 'X', 'O']]","[{'cell': (2, 0), 'value': 0.1}]"
"[['-', '-', 'X'], ['O', 'O', '-'], ['-', '-', '-']]","[{'cell': (2, 2), 'value': -0.05}]"
"[['O', 'X', 'X'], ['O', 'O', '-'], ['-', '-', '-']]","[{'cell': (2, 2), 'value': -0.05}]"
"[['-', '-', 'O'], ['-', 'X', 'X'], ['-', '-', 'O']]","[{'cell': (2, 1), 'value': 0.0}]"
"[['X', '-', 'O'], ['O', 'X', 'X'], ['-', '-', 'O']]","[{'cell': (2, 0), 'value': 0.0}]"
"[['X', '-', 'O'], ['O', 'X', 'X'], ['O', 'X', 'O']]","[{'cell': (0, 1), 'value': 0.1}]"
"[['O', 'X', 'O'], ['-', 'X', 'X'], ['-', '-', 'O']]","[{'cell': (2, 0), 'value': 0.1}, {'cell': (2, 1), 'value': 0.09}]"
"[['-', 'X', 'O'], ['-', 'O', 'X'], ['-', '-', 'O']]","[{'cell': (2, 1), 'value': -0.05}]"
"[['-', 'X', 'O'], ['O', 'O', 'X'], ['X', '-', 'O']]","[{'cell': (2, 1), 'value': -0.05}]"
"[['-', 'O', '-'], ['X', 'O', '-'], ['-', '-', 'X']]","[{'cell': (2, 0), 'value': 0.0}]"
"[['-', 'O', '-'], ['X', 'O', '-'], ['O', 'X', 'X']]","[{'cell': (0, 0), 'value': -0.05}]"
"[['O', '-', '-'], ['X', 'O', '-'], ['-', '-', '-']]","[{'cell': (2, 1), 'value': 0.0}]"
"[['O', '-', 'O'], ['X', 'O', '-'], ['-', '-', 'X']]","[{'cell': (2, 0), 'value': -0.05}, {'cell': (2, 1), 'value': -0.095}]"
"[['O', '-', 'O'], ['X', 'O', 'O'], ['-', 'X', 'X']]","[{'cell': (2, 0), 'value': 0.1}]"
"[['-', '-', '-'], ['O', 'X', '-'], ['-', 'O', '-']]","[{'cell': (2, 0), 'value': 0.0}]"
"[['O', '-', 'X'], ['O', 'X', '-'], ['-', 'O', '-']]","[{'cell': (2, 0), 'value': -0.05}]"
"[['O', 'O', 'X'], ['O', 'X', '-'], ['-', 'O', 'X']]","[{'cell': (2, 0), 'value': 0.1}]"
"[['-', 'O', 'O'], ['-', '-', 'X'], ['-', 'X', '-']]","[{'cell': (2, 2), 'value': -0.05}]"
"[['-', 'O', 'O'], ['O', '-', 'X'], ['X', 'X', '-']]","[{'cell': (0, 0), 'value': 0.1}]"
"[['O', '-', '-'], ['X', '-', 'O'], ['-', '-', '-']]","[{'cell': (2, 1), 'value': 0.0}]"
"[['O', '-', '-'], ['X', '-', 'O'], ['O', '-', 'X']]","[{'cell': (1, 1), 'value': 0.0}]"
"[['O', 'O', '-'], ['X', '-', 'O'], ['O', 'X', 'X']]","[{'cell': (1, 1), 'value': -0.05}]"
"[['O', 'X', 'O'], ['-', '-', 'X'], ['-', '-', '-']]","[{'cell': (2, 2), 'value': 0.0}]"
"[['O', 'X', 'O'], ['-', 'X', 'X'], ['X', 'O', 'O']]","[{'cell': (1, 0), 'value': 0.1}]"
"[['O', 'O', '-'], ['-', '-', 'X'], ['-', '-', 'X']]","[{'cell': (2, 1), 'value': -0.05}]"
"[['O', 'O', '-'], ['-', 'X', 'X'], ['O', '-', 'X']]","[{'cell': (2, 1), 'value': 0.1}]"
"[['O', '-', 'O'], ['-', 'X', '-'], ['-', '-', '-']]","[{'cell': (2, 2), 'value': -0.05}, {'cell': (2, 1), 'value': -0.095}, {'cell': (2, 0), 'value': -0.095}]"
"[['O', '-', 'O'], ['O', 'X', '-'], ['-', 'X', '-']]","[{'cell': (2, 0), 'value': 0.1}]"
"[['O', '-', 'O'], ['X', 'X', 'O'], ['-', '-', '-']]","[{'cell': (2, 2), 'value': -0.05}]"
"[['O', 'X', 'O'], ['X', 'X', 'O'], ['-', 'O', '-']]","[{'cell': (2, 0), 'value': -0.05}]"
"[['-', '-', '-'], ['X', '-', '-'], ['-', 'O', 'O']]","[{'cell': (2, 0), 'value': -0.05}]"
"[['X', '-', '-'], ['X', 'O', '-'], ['-', 'O', 'O']]","[{'cell': (1, 2), 'value': -0.05}]"
"[['O', 'X', 'O'], ['-', '-', 'X'], ['X', 'O', '-']]","[{'cell': (1, 1), 'value': 0.0}]"
"[['O', 'X', 'O'], ['X', '-', 'X'], ['X', 'O', 'O']]","[{'cell': (1, 1), 'value': 0.1}]"
"[['-', '-', '-'], ['O', 'O', '-'], ['-', '-', 'X']]","[{'cell': (2, 1), 'value': -0.05}, {'cell': (2, 0), 'value': 0.0}]"
"[['-', 'O', '-'], ['-', 'X', 'X'], ['O', '-', '-']]","[{'cell': (2, 1), 'value': 0.0}]"
"[['X', 'O', '-'], ['-', 'X', 'X'], ['O', 'O', '-']]","[{'cell': (0, 2), 'value': 0.1}]"
"[['X', '-', '-'], ['O', 'O', '-'], ['-', '-', '-']]","[{'cell': (2, 2), 'value': 0.0}]"
"[['X', '-', '-'], ['O', 'O', 'X'], ['O', '-', '-']]","[{'cell': (2, 1), 'value': -0.05}]"
"[['O', '-', 'X'], ['-', '-', 'O'], ['-', 'X', 'O']]","[{'cell': (2, 0), 'value': -0.05}]"
"[['O', '-', '-'], ['-', 'O', '-'], ['-', '-', 'X']]","[{'cell': (2, 0), 'value': 0.0}]"
"[['-', '-', '-'], ['-', 'X', '-'], ['-', '-', 'O']]","[{'cell': (2, 1), 'value': 0.0}]"
"[['X', '-', '-'], ['O', 'X', 'O'], ['X', '-', 'O']]","[{'cell': (0, 2), 'value': -0.05}]"
"[['-', 'O', '-'], ['O', '-', 'X'], ['-', 'X', '-']]","[{'cell': (2, 0), 'value': 0.0}]"
"[['-', 'O', '-'], ['O', '-', 'X'], ['O', 'X', 'X']]","[{'cell': (0, 0), 'value': -0.05}]"
"[['O', '-', '-'], ['-', '-', '-'], ['O', '-', 'X']]","[{'cell': (2, 1), 'value': -0.05}]"
"[['O', '-', 'O'], ['-', '-', 'X'], ['O', '-', 'X']]","[{'cell': (2, 1), 'value': -0.05}]"
"[['-', 'O', 'X'], ['O', 'X', '-'], ['-', '-', '-']]","[{'cell': (2, 0), 'value': 0.0}]"
"[['O', 'O', 'X'], ['O', 'X', '-'], ['-', 'X', '-']]","[{'cell': (1, 2), 'value': 0.1}]"
"[['-', '-', 'O'], ['X', '-', '-'], ['-', '-', 'O']]","[{'cell': (2, 0), 'value': -0.05}]"
"[['-', 'O', 'O'], ['X', '-', '-'], ['-', 'X', 'O']]","[{'cell': (2, 0), 'value': -0.05}]"
"[['X', 'O', 'O'], ['X', 'O', '-'], ['-', 'X', 'O']]","[{'cell': (1, 2), 'value': -0.095}]"
"[['O', '-', 'X'], ['O', '-', '-'], ['X', '-', '-']]","[{'cell': (2, 2), 'value': 0.0}]"
"[['O', 'O', 'X'], ['O', '-', 'X'], ['X', '-', '-']]","[{'cell': (2, 2), 'value': 0.0}]"
"[['O', 'O', 'X'], ['O', 'O', 'X'], ['X', 'X', '-']]","[{'cell': (2, 2), 'value': 0.1}]"
"[['O', '-', '-'], ['-', 'X', 'X'], ['-', '-', 'O']]","[{'cell': (2, 0), 'value': 0.0}]"
"[['-', '-', '-'], ['-', '-', 'X'], ['O', 'O', '-']]","[{'cell': (2, 2), 'value': -0.05}]"
"[['O', '-', 'X'], ['-', '-', 'X'], ['O', 'O', '-']]","[{'cell': (1, 0), 'value': -0.05}]"
"[['O', '-', 'X'], ['-', '-', 'X'], ['-', 'O', '-']]","[{'cell': (2, 0), 'value': 0.0}]"
"[['O', '-', 'X'], ['-', 'X', 'X'], ['-', 'O', 'O']]","[{'cell': (1, 0), 'value': 0.1}]"
"[['-', '-', '-'], ['X', 'O', '-'], ['-', '-', 'O']]","[{'cell': (2, 0), 'value': -0.05}]"
"[['-', '-', 'O'], ['X', 'O', '-'], ['-', 'X', 'O']]","[{'cell': (1, 2), 'value': -0.05}]"
"[['-', 'O', 'X'], ['-', '-', '-'], ['-', '-', '-']]","[{'cell': (2, 2), 'value': 0.0}, {'cell': (2, 1), 'value': 0.0}]"
"[['-', 'O', 'X'], ['X', '-', '-'], ['O', '-', '-']]","[{'cell': (2, 2), 'value': 0.0}]"
"[['-', 'O', 'X'], ['X', 'O', '-'], ['O', 'X', '-']]","[{'cell': (1, 2), 'value': 0.0}]"
"[['-', 'O', 'X'], ['X', 'O', 'O'], ['O', 'X', 'X']]","[{'cell': (0, 0), 'value': 0.0}]"
"[['O', '-', 'O'], ['X', '-', '-'], ['-', '-', '-']]","[{'cell': (2, 1), 'value': -0.05}]"
"[['O', '-', 'O'], ['X', 'X', 'O'], ['X', 'O', '-']]","[{'cell': (2, 2), 'value': -0.05}]"
"[['O', 'X', '-'], ['-', 'X', 'X'], ['-', 'O', 'O']]","[{'cell': (1, 0), 'value': -0.05}]"
"[['O', 'X', 'X'], ['O', 'X', 'X'], ['-', 'O', 'O']]","[{'cell': (2, 0), 'value': 0.1}]"
"[['-', '-', '-'], ['-', '-', 'O'], ['O', '-', 'X']]","[{'cell': (2, 1), 'value': 0.0}]"
"[['-', 'O', '-'], ['X', '-', '-'], ['-', '-', 'O']]","[{'cell': (2, 1), 'value': 0.0}]"
"[['X', 'O', 'O'], ['X', '-', '-'], ['-', '-', 'O']]","[{'cell': (1, 2), 'value': 0.1}]"
"[['-', 'X', '-'], ['-', 'O', '-'], ['-', 'O', 'X']]","[{'cell': (2, 0), 'value': 0.0}]"
"[['-', 'X', '-'], ['O', 'O', 'X'], ['-', 'O', 'X']]","[{'cell': (2, 0), 'value': 0.1}]"
"[['-', '-', 'O'], ['-', '-', 'X'], ['O', '-', '-']]","[{'cell': (2, 1), 'value': -0.05}]"
"[['X', '-', '-'], ['-', 'X', '-'], ['O', '-', 'O']]","[{'cell': (2, 1), 'value': -0.05}]"
"[['X', '-', 'X'], ['O', 'X', '-'], ['O', '-', 'O']]","[{'cell': (1, 2), 'value': 0.0}]"
"[['O', 'X', '-'], ['O', '-', '-'], ['X', '-', '-']]","[{'cell': (1, 2), 'value': 0.0}]"
"[['O', 'X', '-'], ['O', '-', '-'], ['X', 'O', 'X']]","[{'cell': (1, 2), 'value': 0.0}]"
"[['O', 'X', '-'], ['O', 'X', 'O'], ['X', 'O', 'X']]","[{'cell': (0, 2), 'value': 0.1}]"
"[['X', '-', 'O'], ['-', 'O', '-'], ['X', '-', '-']]","[{'cell': (2, 2), 'value': 0.1}]"
"[['X', '-', 'O'], ['-', '-', 'O'], ['X', '-', '-']]","[{'cell': (2, 2), 'value': -0.05}]"
"[['-', 'X', '-'], ['-', 'X', '-'], ['O', 'O', '-']]","[{'cell': (1, 0), 'value': 0.0}]"
"[['-', 'X', '-'], ['-', 'X', 'O'], ['O', 'O', 'X']]","[{'cell': (0, 2), 'value': 0.0}]"
"[['-', 'X', 'O'], ['X', 'X', 'O'], ['O', 'O', 'X']]","[{'cell': (0, 0), 'value': 0.1}]"
"[['-', '-', 'X'], ['-', 'O', 'O'], ['X', 'O', '-']]","[{'cell': (0, 1), 'value': -0.05}]"
"[['O', '-', 'X'], ['X', 'O', 'O'], ['X', 'O', '-']]","[{'cell': (0, 1), 'value': -0.05}]"
"[['X', 'O', '-'], ['-', '-', 'X'], ['X', 'O', 'O']]","[{'cell': (1, 0), 'value': 0.0}]"
"[['X', 'O', '-'], ['O', 'X', 'X'], ['X', 'O', 'O']]","[{'cell': (0, 2), 'value': 0.1}]"
"[['O', '-', '-'], ['O', 'O', 'X'], ['-', '-', 'X']]","[{'cell': (2, 1), 'value': 0.0}]"
"[['O', '-', 'O'], ['O', 'O', 'X'], ['X', '-', 'X']]","[{'cell': (0, 1), 'value': 0.0}]"
"[['-', 'X', '-'], ['O', 'O', '-'], ['X', 'O', '-']]","[{'cell': (1, 2), 'value': -0.05}]"
"[['-', 'X', 'O'], ['O', 'O', '-'], ['X', 'O', 'X']]","[{'cell': (1, 2), 'value': 0.0}]"
"[['-', '-', 'O'], ['-', 'X', 'O'], ['-', '-', 'X']]","[{'cell': (2, 1), 'value': 0.0}]"
"[['-', 'X', 'O'], ['-', 'X', 'O'], ['O', '-', 'X']]","[{'cell': (2, 1), 'value': 0.0}]"
"[['O', 'X', 'O'], ['X', 'X', 'O'], ['O', '-', 'X']]","[{'cell': (2, 1), 'value': 0.1}]"
"[['X', '-', 'X'], ['-', 'O', 'O'], ['O', '-', '-']]","[{'cell': (2, 2), 'value': 0.1}]"
"[['O', '-', 'X'], ['-', 'X', 'O'], ['-', '-', 'O']]","[{'cell': (1, 0), 'value': 0.1}]"
"[['-', 'O', '-'], ['-', 'X', '-'], ['O', 'X', '-']]","[{'cell': (2, 2), 'value': 0.0}]"
"[['O', 'O', 'X'], ['-', 'X', '-'], ['O', 'X', '-']]","[{'cell': (2, 2), 'value': -0.05}]"
"[['-', 'O', 'O'], ['-', '-', 'X'], ['X', 'O', 'X']]","[{'cell': (1, 1), 'value': -0.05}]"
"[['-', 'X', 'O'], ['X', '-', '-'], ['O', 'O', '-']]","[{'cell': (2, 2), 'value': -0.05}]"
"[['O', 'X', 'O'], ['X', 'X', '-'], ['O', 'O', '-']]","[{'cell': (1, 2), 'value': 0.1}]"
"[['O', 'O', '-'], ['-', 'X', '-'], ['-', '-', '-']]","[{'cell': (2, 2), 'value': -0.05}]"
"[['O', 'O', '-'], ['-', 'X', 'X'], ['O', '-', '-']]","[{'cell': (2, 1), 'value': 0.1}]"
"[['-', '-', 'X'], ['-', 'X', '-'], ['O', '-', 'O']]","[{'cell': (2, 1), 'value': -0.05}]"
"[['X', 'O', 'X'], ['O', 'X', '-'], ['O', 'X', 'O']]","[{'cell': (1, 2), 'value': 0.0}]"
"[['O', '-', 'O'], ['-', 'X', 'O'], ['-', '-', 'X']]","[{'cell': (2, 1), 'value': 0.0}]"
"[['-', '-', '-'], ['-', 'O', 'X'], ['-', 'O', '-']]","[{'cell': (1, 0), 'value': -0.05}, {'cell': (2, 2), 'value': -0.05}]"
"[['-', 'O', 'O'], ['-', '-', '-'], ['X', '-', '-']]","[{'cell': (2, 1), 'value': -0.05}]"
"[['-', 'O', 'O'], ['O', '-', '-'], ['X', '-', 'X']]","[{'cell': (1, 2), 'value': 0.1}]"
"[['O', '-', '-'], ['-', 'O', 'X'], ['-', '-', 'X']]","[{'cell': (2, 1), 'value': 0.1}]"
"[['X', '-', 'O'], ['-', 'O', 'X'], ['-', 'O', '-']]","[{'cell': (2, 2), 'value': -0.05}]"
"[['X', '-', 'O'], ['-', 'O', 'X'], ['X', 'O', 'O']]","[{'cell': (0, 1), 'value': 0.0}]"
"[['X', '-', '-'], ['O', '-', '-'], ['O', '-', '-']]","[{'cell': (2, 1), 'value': 0.0}]"
"[['X', '-', '-'], ['O', '-', 'O'], ['O', '-', 'X']]","[{'cell': (2, 1), 'value': 0.1}]"
"[['O', 'X', 'O'], ['-', 'X', 'O'], ['-', 'O', 'X']]","[{'cell': (1, 0), 'value': 0.0}]"
"[['-', '-', '-'], ['X', '-', '-'], ['O', 'O', '-']]","[{'cell': (1, 2), 'value': -0.05}, {'cell': (2, 2), 'value': -0.05}]"
"[['X', '-', 'O'], ['X', 'X', 'O'], ['O', 'O', '-']]","[{'cell': (0, 1), 'value': -0.05}]"
"[['-', 'O', '-'], ['-', '-', 'X'], ['-', '-', 'O']]","[{'cell': (2, 0), 'value': 0.0}]"
"[['-', 'O', 'X'], ['O', '-', 'X'], ['-', '-', 'O']]","[{'cell': (2, 1), 'value': 0.0}]"
"[['O', 'O', 'X'], ['O', 'X', 'X'], ['-', '-', 'O']]","[{'cell': (2, 0), 'value': 0.1}]"
"[['-', 'O', '-'], ['X', '-', '-'], ['O', '-', '-']]","[{'cell': (2, 2), 'value': 0.0}]"
"[['X', 'O', 'O'], ['X', '-', '-'], ['O', '-', '-']]","[{'cell': (1, 2), 'value': -0.05}]"
"[['X', 'O', 'O'], ['X', '-', 'O'], ['O', 'X', '-']]","[{'cell': (2, 2), 'value': -0.05}]"
"[['-', 'O', '-'], ['-', 'O', 'X'], ['O', 'X', '-']]","[{'cell': (1, 0), 'value': -0.05}]"
"[['X', 'O', '-'], ['O', 'O', 'X'], ['O', 'X', '-']]","[{'cell': (2, 2), 'value': -0.05}]"
"[['O', '-', 'O'], ['-', 'X', 'O'], ['O', 'X', 'X']]","[{'cell': (0, 1), 'value': 0.1}]"
"[['X', 'X', '-'], ['-', 'O', '-'], ['-', '-', 'O']]","[{'cell': (2, 1), 'value': 0.0}]"
"[['X', 'X', '-'], ['X', 'O', '-'], ['-', 'O', 'O']]","[{'cell': (0, 2), 'value': -0.05}]"
"[['-', 'O', '-'], ['X', 'O', '-'], ['X', '-', 'O']]","[{'cell': (1, 2), 'value': -0.05}]"
"[['-', 'O', 'O'], ['X', 'O', '-'], ['X', 'X', 'O']]","[{'cell': (0, 0), 'value': 0.1}]"
"[['O', '-', '-'], ['X', '-', 'O'], ['-', '-', 'X']]","[{'cell': (1, 1), 'value': 0.0}]"
"[['O', '-', '-'], ['X', '-', 'O'], ['X', 'O', 'X']]","[{'cell': (0, 2), 'value': 0.0}]"
"[['O', '-', 'O'], ['X', 'X', 'O'], ['X', 'O', 'X']]","[{'cell': (0, 1), 'value': 0.0}]"
"[['-', '-', 'O'], ['X', '-', 'O'], ['-', 'X', '-']]","[{'cell': (2, 2), 'value': -0.05}]"
"[['O', 'X', 'O'], ['X', '-', 'O'], ['-', 'X', '-']]","[{'cell': (2, 0), 'value': 0.1}]"
"[['-', 'O', 'O'], ['-', '-', '-'], ['-', '-', 'X']]","[{'cell': (2, 1), 'value': -0.05}]"
"[['-', 'O', 'O'], ['X', 'O', '-'], ['-', '-', 'X']]","[{'cell': (2, 0), 'value': -0.05}]"
"[['-', 'O', 'X'], ['O', '-', '-'], ['-', '-', 'X']]","[{'cell': (1, 2), 'value': 0.0}, {'cell': (2, 1), 'value': 0.0}]"
"[['-', 'O', 'X'], ['O', '-', '-'], ['X', 'O', 'X']]","[{'cell': (1, 1), 'value': 0.1}]"
"[['-', '-', '-'], ['O', '-', 'X'], ['-', '-', 'O']]","[{'cell': (2, 1), 'value': 0.0}]"
"[['O', '-', 'X'], ['O', '-', 'X'], ['-', '-', 'O']]","[{'cell': (2, 1), 'value': -0.05}]"
"[['O', 'O', 'X'], ['O', '-', 'X'], ['X', '-', 'O']]","[{'cell': (1, 1), 'value': 0.1}]"
"[['O', 'O', 'X'], ['-', '-', '-'], ['O', 'X', '-']]","[{'cell': (2, 2), 'value': -0.05}]"
"[['-', '-', 'X'], ['X', 'O', '-'], ['O', 'O', '-']]","[{'cell': (0, 1), 'value': -0.05}]"
"[['X', '-', 'O'], ['-', 'O', '-'], ['X', 'O', 'X']]","[{'cell': (0, 1), 'value': 0.1}]"
"[['-', 'O', 'X'], ['-', 'X', '-'], ['-', 'O', '-']]","[{'cell': (2, 2), 'value': 0.1}]"
"[['-', 'O', 'O'], ['-', '-', 'O'], ['X', '-', 'X']]","[{'cell': (2, 1), 'value': 0.0}]"
"[['O', 'O', 'X'], ['O', '-', '-'], ['X', '-', 'X']]","[{'cell': (2, 1), 'value': 0.1}]"
"[['O', 'X', '-'], ['-', '-', 'X'], ['O', 'O', '-']]","[{'cell': (1, 1), 'value': -0.05}]"
"[['-', '-', '-'], ['X', 'O', 'X'], ['O', '-', '-']]","[{'cell': (2, 2), 'value': -0.05}]"
"[['X', '-', '-'], ['X', 'O', 'X'], ['O', '-', 'O']]","[{'cell': (0, 1), 'value': -0.05}]"
"[['X', 'O', 'X'], ['X', 'O', 'X'], ['O', '-', 'O']]","[{'cell': (2, 1), 'value': 0.0}]"
"[['O', 'X', '-'], ['O', '-', '-'], ['-', 'X', 'O']]","[{'cell': (1, 1), 'value': -0.05}]"
"[['O', 'X', 'O'], ['O', '-', 'X'], ['-', 'X', 'O']]","[{'cell': (2, 0), 'value': -0.05}]"
"[['-', 'X', '-'], ['-', 'O', 'O'], ['-', '-', '-']]","[{'cell': (2, 2), 'value': -0.05}]"
"[['X', 'X', '-'], ['-', 'O', 'O'], ['-', 'O', '-']]","[{'cell': (1, 0), 'value': -0.05}]"
"[['-', 'O', 'O'], ['-', '-', '-'], ['O', 'X', 'X']]","[{'cell': (1, 2), 'value': -0.05}]"
"[['-', 'O', 'O'], ['X', '-', 'O'], ['O', 'X', 'X']]","[{'cell': (0, 0), 'value': -0.05}]"
"[['-', '-', '-'], ['O', '-', 'X'], ['O', '-', '-']]","[{'cell': (2, 2), 'value': -0.05}]"
"[['-', '-', '-'], ['O', 'X', 'X'], ['O', 'O', '-']]","[{'cell': (2, 2), 'value': -0.05}]"
"[['-', '-', 'X'], ['-', 'X', 'O'], ['-', 'O', 'O']]","[{'cell': (1, 0), 'value': -0.05}]"
"[['-', '-', 'O'], ['-', 'X', '-'], ['-', 'O', '-']]","[{'cell': (2, 2), 'value': 0.0}]"
"[['-', '-', 'O'], ['O', 'X', 'X'], ['-', 'O', '-']]","[{'cell': (2, 0), 'value': 0.0}]"
"[['-', '-', 'O'], ['O', 'X', 'X'], ['O', 'O', 'X']]","[{'cell': (0, 0), 'value': 0.1}]"
"[['-', '-', 'X'], ['O', 'X', '-'], ['O', '-', 'O']]","[{'cell': (0, 1), 'value': -0.05}]"
"[['-', '-', 'X'], ['O', 'X', 'O'], ['O', 'X', 'O']]","[{'cell': (0, 1), 'value': 0.1}]"
"[['O', '-', 'O'], ['-', 'X', 'X'], ['O', '-', '-']]","[{'cell': (2, 1), 'value': -0.05}]"
"[['X', '-', '-'], ['-', '-', 'O'], ['-', '-', 'O']]","[{'cell': (2, 1), 'value': -0.05}]"
"[['X', 'O', '-'], ['-', 'X', 'O'], ['-', '-', 'O']]","[{'cell': (1, 0), 'value': -0.05}]"
"[['X', 'O', '-'], ['O', 'X', 'O'], ['X', '-', 'O']]","[{'cell': (0, 2), 'value': 0.1}]"
"[['-', 'X', 'O'], ['-', '-', '-'], ['X', '-', 'O']]","[{'cell': (2, 1), 'value': -0.05}]"
